{
    "name": [
        {
            "id": 1,
            "title": "正在流行"
        },
        {
            "id": 2,
            "title": "上衣"
        },
        {
            "id": 3,
            "title": "裤子"
        },
        {
            "id": 4,
            "title": "裙子"
        },
        {
            "id": 5,
            "title": "内衣"
        },
        {
            "id": 6,
            "title": "女鞋"
        },
        {
            "id": 7,
            "title": "男友"
        },
        {
            "id": 8,
            "title": "包包"
        },
        {
            "id": 9,
            "title": "运动"
        },
        {
            "id": 10,
            "title": "配饰"
        },
        {
            "id": 11,
            "title": "美妆"
        },
        {
            "id": 12,
            "title": "个护"
        },
        {
            "id": 13,
            "title": "家居"
        },
        {
            "id": 14,
            "title": "百货"
        },
        {
            "id": 15,
            "title": "母婴"
        },
        {
            "id": 16,
            "title": "食品"
        }
    ],
    "data": [
        {
            "id": 1,
            "sort": [
                {
                    "title": "新品速递",
                    "img": "https://s2.mogucdn.com/mlcdn/c45406/190611_727ec070jeai4c91igb9k5kajf90e_120x120.png_200x9999.v1c7E.81.webp"
                },
                {
                    "title": "时尚套装",
                    "img": "https://s2.mogucdn.com/mlcdn/c45406/190611_3ka14aedjdi03jakh62d6ihed3638_130x130.png_200x9999.v1c7E.81.webp"
                },
                {
                    "title": "流行T恤",
                    "img": "https://s2.mogucdn.com/mlcdn/c45406/190611_8f3e1kfie169bg10d0jh860i6k495_130x130.png_200x9999.v1c7E.81.webp"
                },
                {
                    "title": "连衣裙",
                    "img": "https://s2.mogucdn.com/mlcdn/c45406/190611_80i70h1212l87e7d0dhf29kl9cb4b_130x130.png_200x9999.v1c7E.81.webp"
                },
                {
                    "title": "雪纺衫",
                    "img": "https://s2.mogucdn.com/mlcdn/c45406/190611_4iij56g0c9fhb646084e1i7aeb05i_130x130.png_200x9999.v1c7E.81.webp"
                },
                {
                    "title": "衬衫",
                    "img": "https://s2.mogucdn.com/mlcdn/c45406/190611_796e4jhegdfi111068dlbbg6d6l5i_130x130.png_200x9999.v1c7E.81.webp"
                },
                {
                    "title": "防晒衣",
                    "img": "https://s11.mogucdn.com/mlcdn/c45406/190611_6lbh90cghfk2h001i0efh8j77d655_130x130.png_200x9999.v1c7E.81.webp"
                },
                {
                    "title": "背心",
                    "img": "https://s17.mogucdn.com/mlcdn/c45406/190611_4c5c014714haibd02bjgjkadfg3je_130x130.png_200x9999.v1c7E.81.webp"
                },
                {
                    "title": "半身裙",
                    "img": "https://s18.mogucdn.com/mlcdn/c45406/190611_8ah2d6el0g375gbdki237bb87ghd0_130x130.png_200x9999.v1c7E.81.webp"
                },
                {
                    "title": "短裤",
                    "img": "https://s2.mogucdn.com/mlcdn/c45406/190611_7b6785hk6bfi8lf1g43k8093i43l1_130x130.png_200x9999.v1c7E.81.webp"
                },
                {
                    "title": "牛仔裤",
                    "img": "https://s2.mogucdn.com/mlcdn/c45406/190611_0d38ae0klald5009l3f9b1gic3kcl_130x130.png_200x9999.v1c7E.81.webp"
                },
                {
                    "title": "T恤男",
                    "img": "https://s2.mogucdn.com/mlcdn/c45406/180613_1hkc4klbjlejil2k1jklhfc57515f_120x120.jpg_200x9999.v1c7E.81.webp"
                },
                {
                    "title": "牛仔裤男",
                    "img": "https://s2.mogucdn.com/mlcdn/c45406/180423_7213g8b3l215jb2a4932b039afe6e_180x180.jpg_200x9999.v1c7E.81.webp"
                },
                {
                    "title": "五分裤",
                    "img": "https://s2.mogucdn.com/mlcdn/c45406/180613_181iajdi2a63ala8253ejgh92cld8_120x120.jpg_200x9999.v1c7E.81.webp"
                },
                {
                    "title": "休闲裤男",
                    "img": "https://s2.mogucdn.com/mlcdn/c45406/181122_49jhlaikbf36il2ga4b1ff37i46kd_120x120.jpg_200x9999.v1c7E.81.webp"
                },
                {
                    "title": "帆布鞋男",
                    "img": "https://s2.mogucdn.com/mlcdn/c45406/180613_60b3hfji4kjg59k020bc1590k2a16_120x120.jpg_200x9999.v1c7E.81.webp"
                },
                {
                    "title": "男鞋",
                    "img": "https://s2.mogucdn.com/mlcdn/c45406/180523_8f53b86fafljll11hjh4b8i0h9i10_120x120.png_200x9999.v1c7E.81.webp"
                },
                {
                    "title": "凉鞋",
                    "img": "https://s11.mogucdn.com/mlcdn/c45406/190311_66l03g95bcgl2j0323e8ff8g1ag1l_120x120.jpg_200x9999.v1c7E.81.webp"
                },
                {
                    "title": "单鞋",
                    "img": "https://s17.mogucdn.com/mlcdn/c45406/180731_5a5d7ci9l24l256k06k0a35dg3g76_120x120.jpg_200x9999.v1c7E.81.webp"
                },
                {
                    "title": "小白鞋",
                    "img": "https://s18.mogucdn.com/mlcdn/c45406/180227_069ci8he1419k16did4c1lk9l5j3g_120x120.jpg_200x9999.v1c7E.81.webp"
                },
                {
                    "title": "帆布鞋",
                    "img": "https://s2.mogucdn.com/mlcdn/c45406/190218_810d44i8b5lbchdc7geg5b7gi1e2e_800x800.jpg_200x9999.v1c7E.81.webp"
                },
                {
                    "title": "活力运动",
                    "img": "https://s2.mogucdn.com/mlcdn/c45406/181107_2d9k13a25f4ada6ahigh0k30l80ai_120x120.jpg_200x9999.v1c7E.81.webp"
                },
                {
                    "title": "高跟鞋",
                    "img": "https://s2.mogucdn.com/mlcdn/c45406/190311_3gjh50ijf6e4h4bfi106edjd63ldc_120x120.jpg_200x9999.v1c7E.81.webp"
                },
                {
                    "title": "拖鞋",
                    "img": "https://s2.mogucdn.com/mlcdn/c45406/190311_89ed0g8a550bh134c38e42h4j69ik_120x120.jpg_200x9999.v1c7E.81.webp"
                }
            ]
        },
        {
            "id": 2,
            "sort": [
                {
                    "title": "条纹T恤",
                    "img": "https://s11.mogucdn.com/mlcdn/c45406/190611_6df0dgahcgdg70hg89b9kf4e938cd_120x120.png_200x9999.v1c7E.81.webp"
                },
                {
                    "title": "防晒衫",
                    "img": "https://s2.mogucdn.com/mlcdn/c45406/190611_7c3iajb3h3jihibg6l4ahjfc771b6_120x120.png_200x9999.v1c7E.81.webp"
                },
                {
                    "title": "蕾丝衫",
                    "img": "https://s2.mogucdn.com/mlcdn/c45406/190611_4g907ak0jj98k3hi0ea9ch6eb6f03_120x120.png_200x9999.v1c7E.81.webp"
                },
                {
                    "title": "气质衬衫",
                    "img": "https://s2.mogucdn.com/mlcdn/c45406/190611_4eai85k2l3e76b4h92c6hd64g9696_120x120.png_200x9999.v1c7E.81.webp"
                },
                {
                    "title": "娃娃领",
                    "img": "https://s2.mogucdn.com/mlcdn/c45406/190611_40d492ecg5d0090l7i68klkblb2j8_120x120.png_200x9999.v1c7E.81.webp"
                },
                {
                    "title": "碎花衬衫",
                    "img": "https://s2.mogucdn.com/mlcdn/c45406/190611_12kjf28ki777ii05df9jbf91cd23c_120x120.png_200x9999.v1c7E.81.webp"
                },
                {
                    "title": "防晒衣",
                    "img": "https://s11.mogucdn.com/mlcdn/c45406/190611_6lbh90cghfk2h001i0efh8j77d655_130x130.png_200x9999.v1c7E.81.webp"
                },
                {
                    "title": "背心",
                    "img": "https://s17.mogucdn.com/mlcdn/c45406/190611_4c5c014714haibd02bjgjkadfg3je_130x130.png_200x9999.v1c7E.81.webp"
                },
                {
                    "title": "半身裙",
                    "img": "https://s18.mogucdn.com/mlcdn/c45406/190611_8ah2d6el0g375gbdki237bb87ghd0_130x130.png_200x9999.v1c7E.81.webp"
                },
                {
                    "title": "短裤",
                    "img": "https://s2.mogucdn.com/mlcdn/c45406/190611_7b6785hk6bfi8lf1g43k8093i43l1_130x130.png_200x9999.v1c7E.81.webp"
                },
                {
                    "title": "牛仔裤",
                    "img": "https://s2.mogucdn.com/mlcdn/c45406/190611_0d38ae0klald5009l3f9b1gic3kcl_130x130.png_200x9999.v1c7E.81.webp"
                },
                {
                    "title": "T恤男",
                    "img": "https://s2.mogucdn.com/mlcdn/c45406/180613_1hkc4klbjlejil2k1jklhfc57515f_120x120.jpg_200x9999.v1c7E.81.webp"
                },
                {
                    "title": "牛仔裤男",
                    "img": "https://s2.mogucdn.com/mlcdn/c45406/180423_7213g8b3l215jb2a4932b039afe6e_180x180.jpg_200x9999.v1c7E.81.webp"
                },
                {
                    "title": "五分裤",
                    "img": "https://s2.mogucdn.com/mlcdn/c45406/180613_181iajdi2a63ala8253ejgh92cld8_120x120.jpg_200x9999.v1c7E.81.webp"
                },
                {
                    "title": "休闲裤男",
                    "img": "https://s2.mogucdn.com/mlcdn/c45406/181122_49jhlaikbf36il2ga4b1ff37i46kd_120x120.jpg_200x9999.v1c7E.81.webp"
                },
                {
                    "title": "帆布鞋男",
                    "img": "https://s2.mogucdn.com/mlcdn/c45406/180613_60b3hfji4kjg59k020bc1590k2a16_120x120.jpg_200x9999.v1c7E.81.webp"
                },
                {
                    "title": "男鞋",
                    "img": "https://s2.mogucdn.com/mlcdn/c45406/180523_8f53b86fafljll11hjh4b8i0h9i10_120x120.png_200x9999.v1c7E.81.webp"
                },
                {
                    "title": "凉鞋",
                    "img": "https://s11.mogucdn.com/mlcdn/c45406/190311_66l03g95bcgl2j0323e8ff8g1ag1l_120x120.jpg_200x9999.v1c7E.81.webp"
                },
                {
                    "title": "单鞋",
                    "img": "https://s17.mogucdn.com/mlcdn/c45406/180731_5a5d7ci9l24l256k06k0a35dg3g76_120x120.jpg_200x9999.v1c7E.81.webp"
                },
                {
                    "title": "小白鞋",
                    "img": "https://s18.mogucdn.com/mlcdn/c45406/180227_069ci8he1419k16did4c1lk9l5j3g_120x120.jpg_200x9999.v1c7E.81.webp"
                },
                {
                    "title": "帆布鞋",
                    "img": "https://s2.mogucdn.com/mlcdn/c45406/190218_810d44i8b5lbchdc7geg5b7gi1e2e_800x800.jpg_200x9999.v1c7E.81.webp"
                },
                {
                    "title": "活力运动",
                    "img": "https://s2.mogucdn.com/mlcdn/c45406/181107_2d9k13a25f4ada6ahigh0k30l80ai_120x120.jpg_200x9999.v1c7E.81.webp"
                },
                {
                    "title": "高跟鞋",
                    "img": "https://s2.mogucdn.com/mlcdn/c45406/190311_3gjh50ijf6e4h4bfi106edjd63ldc_120x120.jpg_200x9999.v1c7E.81.webp"
                },
                {
                    "title": "拖鞋",
                    "img": "https://s2.mogucdn.com/mlcdn/c45406/190311_89ed0g8a550bh134c38e42h4j69ik_120x120.jpg_200x9999.v1c7E.81.webp"
                }
            ]
        },
        {
            "id": 3,
            "sort": [
                {
                    "title": "初夏新款",
                    "img": "https://s2.mogucdn.com/mlcdn/c45406/190215_8ae5a9fjkbd0ahdhf540e4h1hb8bc_120x120.png_200x9999.v1c7E.81.webp"
                },
                {
                    "title": "时尚套装",
                    "img": "https://s2.mogucdn.com/mlcdn/c45406/190611_3ka14aedjdi03jakh62d6ihed3638_130x130.png_200x9999.v1c7E.81.webp"
                },
                {
                    "title": "流行T恤",
                    "img": "https://s2.mogucdn.com/mlcdn/c45406/190611_8f3e1kfie169bg10d0jh860i6k495_130x130.png_200x9999.v1c7E.81.webp"
                },
                {
                    "title": "连衣裙",
                    "img": "https://s2.mogucdn.com/mlcdn/c45406/190611_80i70h1212l87e7d0dhf29kl9cb4b_130x130.png_200x9999.v1c7E.81.webp"
                },
                {
                    "title": "雪纺衫",
                    "img": "https://s2.mogucdn.com/mlcdn/c45406/190611_4iij56g0c9fhb646084e1i7aeb05i_130x130.png_200x9999.v1c7E.81.webp"
                },
                {
                    "title": "衬衫",
                    "img": "https://s2.mogucdn.com/mlcdn/c45406/190611_796e4jhegdfi111068dlbbg6d6l5i_130x130.png_200x9999.v1c7E.81.webp"
                },
                {
                    "title": "防晒衣",
                    "img": "https://s11.mogucdn.com/mlcdn/c45406/190611_6lbh90cghfk2h001i0efh8j77d655_130x130.png_200x9999.v1c7E.81.webp"
                },
                {
                    "title": "背心",
                    "img": "https://s17.mogucdn.com/mlcdn/c45406/190611_4c5c014714haibd02bjgjkadfg3je_130x130.png_200x9999.v1c7E.81.webp"
                },
                {
                    "title": "半身裙",
                    "img": "https://s18.mogucdn.com/mlcdn/c45406/190611_8ah2d6el0g375gbdki237bb87ghd0_130x130.png_200x9999.v1c7E.81.webp"
                },
                {
                    "title": "短裤",
                    "img": "https://s2.mogucdn.com/mlcdn/c45406/190611_7b6785hk6bfi8lf1g43k8093i43l1_130x130.png_200x9999.v1c7E.81.webp"
                },
                {
                    "title": "牛仔裤",
                    "img": "https://s2.mogucdn.com/mlcdn/c45406/190611_0d38ae0klald5009l3f9b1gic3kcl_130x130.png_200x9999.v1c7E.81.webp"
                },
                {
                    "title": "T恤男",
                    "img": "https://s2.mogucdn.com/mlcdn/c45406/180613_1hkc4klbjlejil2k1jklhfc57515f_120x120.jpg_200x9999.v1c7E.81.webp"
                },
                {
                    "title": "牛仔裤男",
                    "img": "https://s2.mogucdn.com/mlcdn/c45406/180423_7213g8b3l215jb2a4932b039afe6e_180x180.jpg_200x9999.v1c7E.81.webp"
                },
                {
                    "title": "五分裤",
                    "img": "https://s2.mogucdn.com/mlcdn/c45406/180613_181iajdi2a63ala8253ejgh92cld8_120x120.jpg_200x9999.v1c7E.81.webp"
                },
                {
                    "title": "休闲裤男",
                    "img": "https://s2.mogucdn.com/mlcdn/c45406/181122_49jhlaikbf36il2ga4b1ff37i46kd_120x120.jpg_200x9999.v1c7E.81.webp"
                },
                {
                    "title": "帆布鞋男",
                    "img": "https://s2.mogucdn.com/mlcdn/c45406/180613_60b3hfji4kjg59k020bc1590k2a16_120x120.jpg_200x9999.v1c7E.81.webp"
                },
                {
                    "title": "男鞋",
                    "img": "https://s2.mogucdn.com/mlcdn/c45406/180523_8f53b86fafljll11hjh4b8i0h9i10_120x120.png_200x9999.v1c7E.81.webp"
                },
                {
                    "title": "凉鞋",
                    "img": "https://s11.mogucdn.com/mlcdn/c45406/190311_66l03g95bcgl2j0323e8ff8g1ag1l_120x120.jpg_200x9999.v1c7E.81.webp"
                },
                {
                    "title": "单鞋",
                    "img": "https://s17.mogucdn.com/mlcdn/c45406/180731_5a5d7ci9l24l256k06k0a35dg3g76_120x120.jpg_200x9999.v1c7E.81.webp"
                },
                {
                    "title": "小白鞋",
                    "img": "https://s18.mogucdn.com/mlcdn/c45406/180227_069ci8he1419k16did4c1lk9l5j3g_120x120.jpg_200x9999.v1c7E.81.webp"
                },
                {
                    "title": "帆布鞋",
                    "img": "https://s2.mogucdn.com/mlcdn/c45406/190218_810d44i8b5lbchdc7geg5b7gi1e2e_800x800.jpg_200x9999.v1c7E.81.webp"
                },
                {
                    "title": "活力运动",
                    "img": "https://s2.mogucdn.com/mlcdn/c45406/181107_2d9k13a25f4ada6ahigh0k30l80ai_120x120.jpg_200x9999.v1c7E.81.webp"
                },
                {
                    "title": "高跟鞋",
                    "img": "https://s2.mogucdn.com/mlcdn/c45406/190311_3gjh50ijf6e4h4bfi106edjd63ldc_120x120.jpg_200x9999.v1c7E.81.webp"
                },
                {
                    "title": "拖鞋",
                    "img": "https://s2.mogucdn.com/mlcdn/c45406/190311_89ed0g8a550bh134c38e42h4j69ik_120x120.jpg_200x9999.v1c7E.81.webp"
                }
            ]
        },
        {
            "id": 4,
            "sort": [
                {
                    "title": "连衣裙",
                    "img": "https://s2.mogucdn.com/mlcdn/c45406/190611_6kgihjkia58hejhdc0cji09lk3hhf_120x120.png_200x9999.v1c7E.81.webp"
                },
                {
                    "title": "时尚套装",
                    "img": "https://s2.mogucdn.com/mlcdn/c45406/190611_3ka14aedjdi03jakh62d6ihed3638_130x130.png_200x9999.v1c7E.81.webp"
                },
                {
                    "title": "流行T恤",
                    "img": "https://s2.mogucdn.com/mlcdn/c45406/190611_8f3e1kfie169bg10d0jh860i6k495_130x130.png_200x9999.v1c7E.81.webp"
                },
                {
                    "title": "连衣裙",
                    "img": "https://s2.mogucdn.com/mlcdn/c45406/190611_80i70h1212l87e7d0dhf29kl9cb4b_130x130.png_200x9999.v1c7E.81.webp"
                },
                {
                    "title": "雪纺衫",
                    "img": "https://s2.mogucdn.com/mlcdn/c45406/190611_4iij56g0c9fhb646084e1i7aeb05i_130x130.png_200x9999.v1c7E.81.webp"
                },
                {
                    "title": "衬衫",
                    "img": "https://s2.mogucdn.com/mlcdn/c45406/190611_796e4jhegdfi111068dlbbg6d6l5i_130x130.png_200x9999.v1c7E.81.webp"
                },
                {
                    "title": "防晒衣",
                    "img": "https://s11.mogucdn.com/mlcdn/c45406/190611_6lbh90cghfk2h001i0efh8j77d655_130x130.png_200x9999.v1c7E.81.webp"
                },
                {
                    "title": "背心",
                    "img": "https://s17.mogucdn.com/mlcdn/c45406/190611_4c5c014714haibd02bjgjkadfg3je_130x130.png_200x9999.v1c7E.81.webp"
                },
                {
                    "title": "半身裙",
                    "img": "https://s18.mogucdn.com/mlcdn/c45406/190611_8ah2d6el0g375gbdki237bb87ghd0_130x130.png_200x9999.v1c7E.81.webp"
                },
                {
                    "title": "短裤",
                    "img": "https://s2.mogucdn.com/mlcdn/c45406/190611_7b6785hk6bfi8lf1g43k8093i43l1_130x130.png_200x9999.v1c7E.81.webp"
                },
                {
                    "title": "牛仔裤",
                    "img": "https://s2.mogucdn.com/mlcdn/c45406/190611_0d38ae0klald5009l3f9b1gic3kcl_130x130.png_200x9999.v1c7E.81.webp"
                },
                {
                    "title": "T恤男",
                    "img": "https://s2.mogucdn.com/mlcdn/c45406/180613_1hkc4klbjlejil2k1jklhfc57515f_120x120.jpg_200x9999.v1c7E.81.webp"
                },
                {
                    "title": "牛仔裤男",
                    "img": "https://s2.mogucdn.com/mlcdn/c45406/180423_7213g8b3l215jb2a4932b039afe6e_180x180.jpg_200x9999.v1c7E.81.webp"
                },
                {
                    "title": "五分裤",
                    "img": "https://s2.mogucdn.com/mlcdn/c45406/180613_181iajdi2a63ala8253ejgh92cld8_120x120.jpg_200x9999.v1c7E.81.webp"
                },
                {
                    "title": "休闲裤男",
                    "img": "https://s2.mogucdn.com/mlcdn/c45406/181122_49jhlaikbf36il2ga4b1ff37i46kd_120x120.jpg_200x9999.v1c7E.81.webp"
                },
                {
                    "title": "帆布鞋男",
                    "img": "https://s2.mogucdn.com/mlcdn/c45406/180613_60b3hfji4kjg59k020bc1590k2a16_120x120.jpg_200x9999.v1c7E.81.webp"
                },
                {
                    "title": "男鞋",
                    "img": "https://s2.mogucdn.com/mlcdn/c45406/180523_8f53b86fafljll11hjh4b8i0h9i10_120x120.png_200x9999.v1c7E.81.webp"
                },
                {
                    "title": "凉鞋",
                    "img": "https://s11.mogucdn.com/mlcdn/c45406/190311_66l03g95bcgl2j0323e8ff8g1ag1l_120x120.jpg_200x9999.v1c7E.81.webp"
                },
                {
                    "title": "单鞋",
                    "img": "https://s17.mogucdn.com/mlcdn/c45406/180731_5a5d7ci9l24l256k06k0a35dg3g76_120x120.jpg_200x9999.v1c7E.81.webp"
                },
                {
                    "title": "小白鞋",
                    "img": "https://s18.mogucdn.com/mlcdn/c45406/180227_069ci8he1419k16did4c1lk9l5j3g_120x120.jpg_200x9999.v1c7E.81.webp"
                },
                {
                    "title": "帆布鞋",
                    "img": "https://s2.mogucdn.com/mlcdn/c45406/190218_810d44i8b5lbchdc7geg5b7gi1e2e_800x800.jpg_200x9999.v1c7E.81.webp"
                },
                {
                    "title": "活力运动",
                    "img": "https://s2.mogucdn.com/mlcdn/c45406/181107_2d9k13a25f4ada6ahigh0k30l80ai_120x120.jpg_200x9999.v1c7E.81.webp"
                },
                {
                    "title": "高跟鞋",
                    "img": "https://s2.mogucdn.com/mlcdn/c45406/190311_3gjh50ijf6e4h4bfi106edjd63ldc_120x120.jpg_200x9999.v1c7E.81.webp"
                },
                {
                    "title": "拖鞋",
                    "img": "https://s2.mogucdn.com/mlcdn/c45406/190311_89ed0g8a550bh134c38e42h4j69ik_120x120.jpg_200x9999.v1c7E.81.webp"
                }
            ]
        },
        {
            "id": 5,
            "sort": [
                {
                    "title": "睡衣套装",
                    "img": "https://s2.mogucdn.com/mlcdn/c45406/181010_3l22082l8iaf159ia16e131k54i4a_800x800.png_200x9999.v1c7E.81.webp"
                },
                {
                    "title": "时尚套装",
                    "img": "https://s2.mogucdn.com/mlcdn/c45406/190611_3ka14aedjdi03jakh62d6ihed3638_130x130.png_200x9999.v1c7E.81.webp"
                },
                {
                    "title": "流行T恤",
                    "img": "https://s2.mogucdn.com/mlcdn/c45406/190611_8f3e1kfie169bg10d0jh860i6k495_130x130.png_200x9999.v1c7E.81.webp"
                },
                {
                    "title": "连衣裙",
                    "img": "https://s2.mogucdn.com/mlcdn/c45406/190611_80i70h1212l87e7d0dhf29kl9cb4b_130x130.png_200x9999.v1c7E.81.webp"
                },
                {
                    "title": "雪纺衫",
                    "img": "https://s2.mogucdn.com/mlcdn/c45406/190611_4iij56g0c9fhb646084e1i7aeb05i_130x130.png_200x9999.v1c7E.81.webp"
                },
                {
                    "title": "衬衫",
                    "img": "https://s2.mogucdn.com/mlcdn/c45406/190611_796e4jhegdfi111068dlbbg6d6l5i_130x130.png_200x9999.v1c7E.81.webp"
                },
                {
                    "title": "防晒衣",
                    "img": "https://s11.mogucdn.com/mlcdn/c45406/190611_6lbh90cghfk2h001i0efh8j77d655_130x130.png_200x9999.v1c7E.81.webp"
                },
                {
                    "title": "背心",
                    "img": "https://s17.mogucdn.com/mlcdn/c45406/190611_4c5c014714haibd02bjgjkadfg3je_130x130.png_200x9999.v1c7E.81.webp"
                },
                {
                    "title": "半身裙",
                    "img": "https://s18.mogucdn.com/mlcdn/c45406/190611_8ah2d6el0g375gbdki237bb87ghd0_130x130.png_200x9999.v1c7E.81.webp"
                },
                {
                    "title": "短裤",
                    "img": "https://s2.mogucdn.com/mlcdn/c45406/190611_7b6785hk6bfi8lf1g43k8093i43l1_130x130.png_200x9999.v1c7E.81.webp"
                },
                {
                    "title": "牛仔裤",
                    "img": "https://s2.mogucdn.com/mlcdn/c45406/190611_0d38ae0klald5009l3f9b1gic3kcl_130x130.png_200x9999.v1c7E.81.webp"
                },
                {
                    "title": "T恤男",
                    "img": "https://s2.mogucdn.com/mlcdn/c45406/180613_1hkc4klbjlejil2k1jklhfc57515f_120x120.jpg_200x9999.v1c7E.81.webp"
                },
                {
                    "title": "牛仔裤男",
                    "img": "https://s2.mogucdn.com/mlcdn/c45406/180423_7213g8b3l215jb2a4932b039afe6e_180x180.jpg_200x9999.v1c7E.81.webp"
                },
                {
                    "title": "五分裤",
                    "img": "https://s2.mogucdn.com/mlcdn/c45406/180613_181iajdi2a63ala8253ejgh92cld8_120x120.jpg_200x9999.v1c7E.81.webp"
                },
                {
                    "title": "休闲裤男",
                    "img": "https://s2.mogucdn.com/mlcdn/c45406/181122_49jhlaikbf36il2ga4b1ff37i46kd_120x120.jpg_200x9999.v1c7E.81.webp"
                },
                {
                    "title": "帆布鞋男",
                    "img": "https://s2.mogucdn.com/mlcdn/c45406/180613_60b3hfji4kjg59k020bc1590k2a16_120x120.jpg_200x9999.v1c7E.81.webp"
                },
                {
                    "title": "男鞋",
                    "img": "https://s2.mogucdn.com/mlcdn/c45406/180523_8f53b86fafljll11hjh4b8i0h9i10_120x120.png_200x9999.v1c7E.81.webp"
                },
                {
                    "title": "凉鞋",
                    "img": "https://s11.mogucdn.com/mlcdn/c45406/190311_66l03g95bcgl2j0323e8ff8g1ag1l_120x120.jpg_200x9999.v1c7E.81.webp"
                },
                {
                    "title": "单鞋",
                    "img": "https://s17.mogucdn.com/mlcdn/c45406/180731_5a5d7ci9l24l256k06k0a35dg3g76_120x120.jpg_200x9999.v1c7E.81.webp"
                },
                {
                    "title": "小白鞋",
                    "img": "https://s18.mogucdn.com/mlcdn/c45406/180227_069ci8he1419k16did4c1lk9l5j3g_120x120.jpg_200x9999.v1c7E.81.webp"
                },
                {
                    "title": "帆布鞋",
                    "img": "https://s2.mogucdn.com/mlcdn/c45406/190218_810d44i8b5lbchdc7geg5b7gi1e2e_800x800.jpg_200x9999.v1c7E.81.webp"
                },
                {
                    "title": "活力运动",
                    "img": "https://s2.mogucdn.com/mlcdn/c45406/181107_2d9k13a25f4ada6ahigh0k30l80ai_120x120.jpg_200x9999.v1c7E.81.webp"
                },
                {
                    "title": "高跟鞋",
                    "img": "https://s2.mogucdn.com/mlcdn/c45406/190311_3gjh50ijf6e4h4bfi106edjd63ldc_120x120.jpg_200x9999.v1c7E.81.webp"
                },
                {
                    "title": "拖鞋",
                    "img": "https://s2.mogucdn.com/mlcdn/c45406/190311_89ed0g8a550bh134c38e42h4j69ik_120x120.jpg_200x9999.v1c7E.81.webp"
                }
            ]
        },
        {
            "id": 6,
            "sort": [
                {
                    "title": "夏上新",
                    "img": "https://s2.mogucdn.com/mlcdn/c45406/190426_6ae76d0d4j8lehjlf5f798i12ag70_180x180.gif_200x9999.v1c7E.81.webp"
                },
                {
                    "title": "时尚套装",
                    "img": "https://s2.mogucdn.com/mlcdn/c45406/190611_3ka14aedjdi03jakh62d6ihed3638_130x130.png_200x9999.v1c7E.81.webp"
                },
                {
                    "title": "流行T恤",
                    "img": "https://s2.mogucdn.com/mlcdn/c45406/190611_8f3e1kfie169bg10d0jh860i6k495_130x130.png_200x9999.v1c7E.81.webp"
                },
                {
                    "title": "连衣裙",
                    "img": "https://s2.mogucdn.com/mlcdn/c45406/190611_80i70h1212l87e7d0dhf29kl9cb4b_130x130.png_200x9999.v1c7E.81.webp"
                },
                {
                    "title": "雪纺衫",
                    "img": "https://s2.mogucdn.com/mlcdn/c45406/190611_4iij56g0c9fhb646084e1i7aeb05i_130x130.png_200x9999.v1c7E.81.webp"
                },
                {
                    "title": "衬衫",
                    "img": "https://s2.mogucdn.com/mlcdn/c45406/190611_796e4jhegdfi111068dlbbg6d6l5i_130x130.png_200x9999.v1c7E.81.webp"
                },
                {
                    "title": "防晒衣",
                    "img": "https://s11.mogucdn.com/mlcdn/c45406/190611_6lbh90cghfk2h001i0efh8j77d655_130x130.png_200x9999.v1c7E.81.webp"
                },
                {
                    "title": "背心",
                    "img": "https://s17.mogucdn.com/mlcdn/c45406/190611_4c5c014714haibd02bjgjkadfg3je_130x130.png_200x9999.v1c7E.81.webp"
                },
                {
                    "title": "半身裙",
                    "img": "https://s18.mogucdn.com/mlcdn/c45406/190611_8ah2d6el0g375gbdki237bb87ghd0_130x130.png_200x9999.v1c7E.81.webp"
                },
                {
                    "title": "短裤",
                    "img": "https://s2.mogucdn.com/mlcdn/c45406/190611_7b6785hk6bfi8lf1g43k8093i43l1_130x130.png_200x9999.v1c7E.81.webp"
                },
                {
                    "title": "牛仔裤",
                    "img": "https://s2.mogucdn.com/mlcdn/c45406/190611_0d38ae0klald5009l3f9b1gic3kcl_130x130.png_200x9999.v1c7E.81.webp"
                },
                {
                    "title": "T恤男",
                    "img": "https://s2.mogucdn.com/mlcdn/c45406/180613_1hkc4klbjlejil2k1jklhfc57515f_120x120.jpg_200x9999.v1c7E.81.webp"
                },
                {
                    "title": "牛仔裤男",
                    "img": "https://s2.mogucdn.com/mlcdn/c45406/180423_7213g8b3l215jb2a4932b039afe6e_180x180.jpg_200x9999.v1c7E.81.webp"
                },
                {
                    "title": "五分裤",
                    "img": "https://s2.mogucdn.com/mlcdn/c45406/180613_181iajdi2a63ala8253ejgh92cld8_120x120.jpg_200x9999.v1c7E.81.webp"
                },
                {
                    "title": "休闲裤男",
                    "img": "https://s2.mogucdn.com/mlcdn/c45406/181122_49jhlaikbf36il2ga4b1ff37i46kd_120x120.jpg_200x9999.v1c7E.81.webp"
                },
                {
                    "title": "帆布鞋男",
                    "img": "https://s2.mogucdn.com/mlcdn/c45406/180613_60b3hfji4kjg59k020bc1590k2a16_120x120.jpg_200x9999.v1c7E.81.webp"
                },
                {
                    "title": "男鞋",
                    "img": "https://s2.mogucdn.com/mlcdn/c45406/180523_8f53b86fafljll11hjh4b8i0h9i10_120x120.png_200x9999.v1c7E.81.webp"
                },
                {
                    "title": "凉鞋",
                    "img": "https://s11.mogucdn.com/mlcdn/c45406/190311_66l03g95bcgl2j0323e8ff8g1ag1l_120x120.jpg_200x9999.v1c7E.81.webp"
                },
                {
                    "title": "单鞋",
                    "img": "https://s17.mogucdn.com/mlcdn/c45406/180731_5a5d7ci9l24l256k06k0a35dg3g76_120x120.jpg_200x9999.v1c7E.81.webp"
                },
                {
                    "title": "小白鞋",
                    "img": "https://s18.mogucdn.com/mlcdn/c45406/180227_069ci8he1419k16did4c1lk9l5j3g_120x120.jpg_200x9999.v1c7E.81.webp"
                },
                {
                    "title": "帆布鞋",
                    "img": "https://s2.mogucdn.com/mlcdn/c45406/190218_810d44i8b5lbchdc7geg5b7gi1e2e_800x800.jpg_200x9999.v1c7E.81.webp"
                },
                {
                    "title": "活力运动",
                    "img": "https://s2.mogucdn.com/mlcdn/c45406/181107_2d9k13a25f4ada6ahigh0k30l80ai_120x120.jpg_200x9999.v1c7E.81.webp"
                },
                {
                    "title": "高跟鞋",
                    "img": "https://s2.mogucdn.com/mlcdn/c45406/190311_3gjh50ijf6e4h4bfi106edjd63ldc_120x120.jpg_200x9999.v1c7E.81.webp"
                },
                {
                    "title": "拖鞋",
                    "img": "https://s2.mogucdn.com/mlcdn/c45406/190311_89ed0g8a550bh134c38e42h4j69ik_120x120.jpg_200x9999.v1c7E.81.webp"
                }
            ]
        },
        {
            "id": 7,
            "sort": [
                {
                    "title": "T恤",
                    "img": "https://s2.mogucdn.com/mlcdn/c45406/190428_34e9bh6jhi09h42ki22ke3hb7f5ee_120x120.png_200x9999.v1c7E.81.webp"
                },
                {
                    "title": "时尚套装",
                    "img": "https://s2.mogucdn.com/mlcdn/c45406/190611_3ka14aedjdi03jakh62d6ihed3638_130x130.png_200x9999.v1c7E.81.webp"
                },
                {
                    "title": "流行T恤",
                    "img": "https://s2.mogucdn.com/mlcdn/c45406/190611_8f3e1kfie169bg10d0jh860i6k495_130x130.png_200x9999.v1c7E.81.webp"
                },
                {
                    "title": "连衣裙",
                    "img": "https://s2.mogucdn.com/mlcdn/c45406/190611_80i70h1212l87e7d0dhf29kl9cb4b_130x130.png_200x9999.v1c7E.81.webp"
                },
                {
                    "title": "雪纺衫",
                    "img": "https://s2.mogucdn.com/mlcdn/c45406/190611_4iij56g0c9fhb646084e1i7aeb05i_130x130.png_200x9999.v1c7E.81.webp"
                },
                {
                    "title": "衬衫",
                    "img": "https://s2.mogucdn.com/mlcdn/c45406/190611_796e4jhegdfi111068dlbbg6d6l5i_130x130.png_200x9999.v1c7E.81.webp"
                },
                {
                    "title": "防晒衣",
                    "img": "https://s11.mogucdn.com/mlcdn/c45406/190611_6lbh90cghfk2h001i0efh8j77d655_130x130.png_200x9999.v1c7E.81.webp"
                },
                {
                    "title": "背心",
                    "img": "https://s17.mogucdn.com/mlcdn/c45406/190611_4c5c014714haibd02bjgjkadfg3je_130x130.png_200x9999.v1c7E.81.webp"
                },
                {
                    "title": "半身裙",
                    "img": "https://s18.mogucdn.com/mlcdn/c45406/190611_8ah2d6el0g375gbdki237bb87ghd0_130x130.png_200x9999.v1c7E.81.webp"
                },
                {
                    "title": "短裤",
                    "img": "https://s2.mogucdn.com/mlcdn/c45406/190611_7b6785hk6bfi8lf1g43k8093i43l1_130x130.png_200x9999.v1c7E.81.webp"
                },
                {
                    "title": "牛仔裤",
                    "img": "https://s2.mogucdn.com/mlcdn/c45406/190611_0d38ae0klald5009l3f9b1gic3kcl_130x130.png_200x9999.v1c7E.81.webp"
                },
                {
                    "title": "T恤男",
                    "img": "https://s2.mogucdn.com/mlcdn/c45406/180613_1hkc4klbjlejil2k1jklhfc57515f_120x120.jpg_200x9999.v1c7E.81.webp"
                },
                {
                    "title": "牛仔裤男",
                    "img": "https://s2.mogucdn.com/mlcdn/c45406/180423_7213g8b3l215jb2a4932b039afe6e_180x180.jpg_200x9999.v1c7E.81.webp"
                },
                {
                    "title": "五分裤",
                    "img": "https://s2.mogucdn.com/mlcdn/c45406/180613_181iajdi2a63ala8253ejgh92cld8_120x120.jpg_200x9999.v1c7E.81.webp"
                },
                {
                    "title": "休闲裤男",
                    "img": "https://s2.mogucdn.com/mlcdn/c45406/181122_49jhlaikbf36il2ga4b1ff37i46kd_120x120.jpg_200x9999.v1c7E.81.webp"
                },
                {
                    "title": "帆布鞋男",
                    "img": "https://s2.mogucdn.com/mlcdn/c45406/180613_60b3hfji4kjg59k020bc1590k2a16_120x120.jpg_200x9999.v1c7E.81.webp"
                },
                {
                    "title": "男鞋",
                    "img": "https://s2.mogucdn.com/mlcdn/c45406/180523_8f53b86fafljll11hjh4b8i0h9i10_120x120.png_200x9999.v1c7E.81.webp"
                },
                {
                    "title": "凉鞋",
                    "img": "https://s11.mogucdn.com/mlcdn/c45406/190311_66l03g95bcgl2j0323e8ff8g1ag1l_120x120.jpg_200x9999.v1c7E.81.webp"
                },
                {
                    "title": "单鞋",
                    "img": "https://s17.mogucdn.com/mlcdn/c45406/180731_5a5d7ci9l24l256k06k0a35dg3g76_120x120.jpg_200x9999.v1c7E.81.webp"
                },
                {
                    "title": "小白鞋",
                    "img": "https://s18.mogucdn.com/mlcdn/c45406/180227_069ci8he1419k16did4c1lk9l5j3g_120x120.jpg_200x9999.v1c7E.81.webp"
                },
                {
                    "title": "帆布鞋",
                    "img": "https://s2.mogucdn.com/mlcdn/c45406/190218_810d44i8b5lbchdc7geg5b7gi1e2e_800x800.jpg_200x9999.v1c7E.81.webp"
                },
                {
                    "title": "活力运动",
                    "img": "https://s2.mogucdn.com/mlcdn/c45406/181107_2d9k13a25f4ada6ahigh0k30l80ai_120x120.jpg_200x9999.v1c7E.81.webp"
                },
                {
                    "title": "高跟鞋",
                    "img": "https://s2.mogucdn.com/mlcdn/c45406/190311_3gjh50ijf6e4h4bfi106edjd63ldc_120x120.jpg_200x9999.v1c7E.81.webp"
                },
                {
                    "title": "拖鞋",
                    "img": "https://s2.mogucdn.com/mlcdn/c45406/190311_89ed0g8a550bh134c38e42h4j69ik_120x120.jpg_200x9999.v1c7E.81.webp"
                }
            ]
        },
        {
            "id": 8,
            "sort": [
                {
                    "title": "大容量包",
                    "img": "https://s2.mogucdn.com/mlcdn/c45406/180309_2448jd3k29fbj09fdk21bhilk67k8_180x180.png_200x9999.v1c7E.81.webp"
                },
                {
                    "title": "时尚套装",
                    "img": "https://s2.mogucdn.com/mlcdn/c45406/190611_3ka14aedjdi03jakh62d6ihed3638_130x130.png_200x9999.v1c7E.81.webp"
                },
                {
                    "title": "流行T恤",
                    "img": "https://s2.mogucdn.com/mlcdn/c45406/190611_8f3e1kfie169bg10d0jh860i6k495_130x130.png_200x9999.v1c7E.81.webp"
                },
                {
                    "title": "连衣裙",
                    "img": "https://s2.mogucdn.com/mlcdn/c45406/190611_80i70h1212l87e7d0dhf29kl9cb4b_130x130.png_200x9999.v1c7E.81.webp"
                },
                {
                    "title": "雪纺衫",
                    "img": "https://s2.mogucdn.com/mlcdn/c45406/190611_4iij56g0c9fhb646084e1i7aeb05i_130x130.png_200x9999.v1c7E.81.webp"
                },
                {
                    "title": "衬衫",
                    "img": "https://s2.mogucdn.com/mlcdn/c45406/190611_796e4jhegdfi111068dlbbg6d6l5i_130x130.png_200x9999.v1c7E.81.webp"
                },
                {
                    "title": "防晒衣",
                    "img": "https://s11.mogucdn.com/mlcdn/c45406/190611_6lbh90cghfk2h001i0efh8j77d655_130x130.png_200x9999.v1c7E.81.webp"
                },
                {
                    "title": "背心",
                    "img": "https://s17.mogucdn.com/mlcdn/c45406/190611_4c5c014714haibd02bjgjkadfg3je_130x130.png_200x9999.v1c7E.81.webp"
                },
                {
                    "title": "半身裙",
                    "img": "https://s18.mogucdn.com/mlcdn/c45406/190611_8ah2d6el0g375gbdki237bb87ghd0_130x130.png_200x9999.v1c7E.81.webp"
                },
                {
                    "title": "短裤",
                    "img": "https://s2.mogucdn.com/mlcdn/c45406/190611_7b6785hk6bfi8lf1g43k8093i43l1_130x130.png_200x9999.v1c7E.81.webp"
                },
                {
                    "title": "牛仔裤",
                    "img": "https://s2.mogucdn.com/mlcdn/c45406/190611_0d38ae0klald5009l3f9b1gic3kcl_130x130.png_200x9999.v1c7E.81.webp"
                },
                {
                    "title": "T恤男",
                    "img": "https://s2.mogucdn.com/mlcdn/c45406/180613_1hkc4klbjlejil2k1jklhfc57515f_120x120.jpg_200x9999.v1c7E.81.webp"
                },
                {
                    "title": "牛仔裤男",
                    "img": "https://s2.mogucdn.com/mlcdn/c45406/180423_7213g8b3l215jb2a4932b039afe6e_180x180.jpg_200x9999.v1c7E.81.webp"
                },
                {
                    "title": "五分裤",
                    "img": "https://s2.mogucdn.com/mlcdn/c45406/180613_181iajdi2a63ala8253ejgh92cld8_120x120.jpg_200x9999.v1c7E.81.webp"
                },
                {
                    "title": "休闲裤男",
                    "img": "https://s2.mogucdn.com/mlcdn/c45406/181122_49jhlaikbf36il2ga4b1ff37i46kd_120x120.jpg_200x9999.v1c7E.81.webp"
                },
                {
                    "title": "帆布鞋男",
                    "img": "https://s2.mogucdn.com/mlcdn/c45406/180613_60b3hfji4kjg59k020bc1590k2a16_120x120.jpg_200x9999.v1c7E.81.webp"
                },
                {
                    "title": "男鞋",
                    "img": "https://s2.mogucdn.com/mlcdn/c45406/180523_8f53b86fafljll11hjh4b8i0h9i10_120x120.png_200x9999.v1c7E.81.webp"
                },
                {
                    "title": "凉鞋",
                    "img": "https://s11.mogucdn.com/mlcdn/c45406/190311_66l03g95bcgl2j0323e8ff8g1ag1l_120x120.jpg_200x9999.v1c7E.81.webp"
                },
                {
                    "title": "单鞋",
                    "img": "https://s17.mogucdn.com/mlcdn/c45406/180731_5a5d7ci9l24l256k06k0a35dg3g76_120x120.jpg_200x9999.v1c7E.81.webp"
                },
                {
                    "title": "小白鞋",
                    "img": "https://s18.mogucdn.com/mlcdn/c45406/180227_069ci8he1419k16did4c1lk9l5j3g_120x120.jpg_200x9999.v1c7E.81.webp"
                },
                {
                    "title": "帆布鞋",
                    "img": "https://s2.mogucdn.com/mlcdn/c45406/190218_810d44i8b5lbchdc7geg5b7gi1e2e_800x800.jpg_200x9999.v1c7E.81.webp"
                },
                {
                    "title": "活力运动",
                    "img": "https://s2.mogucdn.com/mlcdn/c45406/181107_2d9k13a25f4ada6ahigh0k30l80ai_120x120.jpg_200x9999.v1c7E.81.webp"
                },
                {
                    "title": "高跟鞋",
                    "img": "https://s2.mogucdn.com/mlcdn/c45406/190311_3gjh50ijf6e4h4bfi106edjd63ldc_120x120.jpg_200x9999.v1c7E.81.webp"
                },
                {
                    "title": "拖鞋",
                    "img": "https://s2.mogucdn.com/mlcdn/c45406/190311_89ed0g8a550bh134c38e42h4j69ik_120x120.jpg_200x9999.v1c7E.81.webp"
                }
            ]
        },
        {
            "id": 9,
            "sort": [
                {
                    "title": "运动鞋",
                    "img": "https://s2.mogucdn.com/mlcdn/c45406/180605_5ifa6b5gjlj7hiac10a2lje137gdd_120x120.jpg_200x9999.v1c7E.81.webp"
                },
                {
                    "title": "时尚套装",
                    "img": "https://s2.mogucdn.com/mlcdn/c45406/190611_3ka14aedjdi03jakh62d6ihed3638_130x130.png_200x9999.v1c7E.81.webp"
                },
                {
                    "title": "流行T恤",
                    "img": "https://s2.mogucdn.com/mlcdn/c45406/190611_8f3e1kfie169bg10d0jh860i6k495_130x130.png_200x9999.v1c7E.81.webp"
                },
                {
                    "title": "连衣裙",
                    "img": "https://s2.mogucdn.com/mlcdn/c45406/190611_80i70h1212l87e7d0dhf29kl9cb4b_130x130.png_200x9999.v1c7E.81.webp"
                },
                {
                    "title": "雪纺衫",
                    "img": "https://s2.mogucdn.com/mlcdn/c45406/190611_4iij56g0c9fhb646084e1i7aeb05i_130x130.png_200x9999.v1c7E.81.webp"
                },
                {
                    "title": "衬衫",
                    "img": "https://s2.mogucdn.com/mlcdn/c45406/190611_796e4jhegdfi111068dlbbg6d6l5i_130x130.png_200x9999.v1c7E.81.webp"
                },
                {
                    "title": "防晒衣",
                    "img": "https://s11.mogucdn.com/mlcdn/c45406/190611_6lbh90cghfk2h001i0efh8j77d655_130x130.png_200x9999.v1c7E.81.webp"
                },
                {
                    "title": "背心",
                    "img": "https://s17.mogucdn.com/mlcdn/c45406/190611_4c5c014714haibd02bjgjkadfg3je_130x130.png_200x9999.v1c7E.81.webp"
                },
                {
                    "title": "半身裙",
                    "img": "https://s18.mogucdn.com/mlcdn/c45406/190611_8ah2d6el0g375gbdki237bb87ghd0_130x130.png_200x9999.v1c7E.81.webp"
                },
                {
                    "title": "短裤",
                    "img": "https://s2.mogucdn.com/mlcdn/c45406/190611_7b6785hk6bfi8lf1g43k8093i43l1_130x130.png_200x9999.v1c7E.81.webp"
                },
                {
                    "title": "牛仔裤",
                    "img": "https://s2.mogucdn.com/mlcdn/c45406/190611_0d38ae0klald5009l3f9b1gic3kcl_130x130.png_200x9999.v1c7E.81.webp"
                },
                {
                    "title": "T恤男",
                    "img": "https://s2.mogucdn.com/mlcdn/c45406/180613_1hkc4klbjlejil2k1jklhfc57515f_120x120.jpg_200x9999.v1c7E.81.webp"
                },
                {
                    "title": "牛仔裤男",
                    "img": "https://s2.mogucdn.com/mlcdn/c45406/180423_7213g8b3l215jb2a4932b039afe6e_180x180.jpg_200x9999.v1c7E.81.webp"
                },
                {
                    "title": "五分裤",
                    "img": "https://s2.mogucdn.com/mlcdn/c45406/180613_181iajdi2a63ala8253ejgh92cld8_120x120.jpg_200x9999.v1c7E.81.webp"
                },
                {
                    "title": "休闲裤男",
                    "img": "https://s2.mogucdn.com/mlcdn/c45406/181122_49jhlaikbf36il2ga4b1ff37i46kd_120x120.jpg_200x9999.v1c7E.81.webp"
                },
                {
                    "title": "帆布鞋男",
                    "img": "https://s2.mogucdn.com/mlcdn/c45406/180613_60b3hfji4kjg59k020bc1590k2a16_120x120.jpg_200x9999.v1c7E.81.webp"
                },
                {
                    "title": "男鞋",
                    "img": "https://s2.mogucdn.com/mlcdn/c45406/180523_8f53b86fafljll11hjh4b8i0h9i10_120x120.png_200x9999.v1c7E.81.webp"
                },
                {
                    "title": "凉鞋",
                    "img": "https://s11.mogucdn.com/mlcdn/c45406/190311_66l03g95bcgl2j0323e8ff8g1ag1l_120x120.jpg_200x9999.v1c7E.81.webp"
                },
                {
                    "title": "单鞋",
                    "img": "https://s17.mogucdn.com/mlcdn/c45406/180731_5a5d7ci9l24l256k06k0a35dg3g76_120x120.jpg_200x9999.v1c7E.81.webp"
                },
                {
                    "title": "小白鞋",
                    "img": "https://s18.mogucdn.com/mlcdn/c45406/180227_069ci8he1419k16did4c1lk9l5j3g_120x120.jpg_200x9999.v1c7E.81.webp"
                },
                {
                    "title": "帆布鞋",
                    "img": "https://s2.mogucdn.com/mlcdn/c45406/190218_810d44i8b5lbchdc7geg5b7gi1e2e_800x800.jpg_200x9999.v1c7E.81.webp"
                },
                {
                    "title": "活力运动",
                    "img": "https://s2.mogucdn.com/mlcdn/c45406/181107_2d9k13a25f4ada6ahigh0k30l80ai_120x120.jpg_200x9999.v1c7E.81.webp"
                },
                {
                    "title": "高跟鞋",
                    "img": "https://s2.mogucdn.com/mlcdn/c45406/190311_3gjh50ijf6e4h4bfi106edjd63ldc_120x120.jpg_200x9999.v1c7E.81.webp"
                },
                {
                    "title": "拖鞋",
                    "img": "https://s2.mogucdn.com/mlcdn/c45406/190311_89ed0g8a550bh134c38e42h4j69ik_120x120.jpg_200x9999.v1c7E.81.webp"
                }
            ]
        },
        {
            "id": 10,
            "sort": [
                {
                    "title": "热卖耳饰",
                    "img": "https://s2.mogucdn.com/mlcdn/c45406/180515_8h52jae1c7b23h3147ab02ddll25a_250x250.gif_200x9999.v1c7E.81.webp"
                },
                {
                    "title": "时尚套装",
                    "img": "https://s2.mogucdn.com/mlcdn/c45406/190611_3ka14aedjdi03jakh62d6ihed3638_130x130.png_200x9999.v1c7E.81.webp"
                },
                {
                    "title": "流行T恤",
                    "img": "https://s2.mogucdn.com/mlcdn/c45406/190611_8f3e1kfie169bg10d0jh860i6k495_130x130.png_200x9999.v1c7E.81.webp"
                },
                {
                    "title": "连衣裙",
                    "img": "https://s2.mogucdn.com/mlcdn/c45406/190611_80i70h1212l87e7d0dhf29kl9cb4b_130x130.png_200x9999.v1c7E.81.webp"
                },
                {
                    "title": "雪纺衫",
                    "img": "https://s2.mogucdn.com/mlcdn/c45406/190611_4iij56g0c9fhb646084e1i7aeb05i_130x130.png_200x9999.v1c7E.81.webp"
                },
                {
                    "title": "衬衫",
                    "img": "https://s2.mogucdn.com/mlcdn/c45406/190611_796e4jhegdfi111068dlbbg6d6l5i_130x130.png_200x9999.v1c7E.81.webp"
                },
                {
                    "title": "防晒衣",
                    "img": "https://s11.mogucdn.com/mlcdn/c45406/190611_6lbh90cghfk2h001i0efh8j77d655_130x130.png_200x9999.v1c7E.81.webp"
                },
                {
                    "title": "背心",
                    "img": "https://s17.mogucdn.com/mlcdn/c45406/190611_4c5c014714haibd02bjgjkadfg3je_130x130.png_200x9999.v1c7E.81.webp"
                },
                {
                    "title": "半身裙",
                    "img": "https://s18.mogucdn.com/mlcdn/c45406/190611_8ah2d6el0g375gbdki237bb87ghd0_130x130.png_200x9999.v1c7E.81.webp"
                },
                {
                    "title": "短裤",
                    "img": "https://s2.mogucdn.com/mlcdn/c45406/190611_7b6785hk6bfi8lf1g43k8093i43l1_130x130.png_200x9999.v1c7E.81.webp"
                },
                {
                    "title": "牛仔裤",
                    "img": "https://s2.mogucdn.com/mlcdn/c45406/190611_0d38ae0klald5009l3f9b1gic3kcl_130x130.png_200x9999.v1c7E.81.webp"
                },
                {
                    "title": "T恤男",
                    "img": "https://s2.mogucdn.com/mlcdn/c45406/180613_1hkc4klbjlejil2k1jklhfc57515f_120x120.jpg_200x9999.v1c7E.81.webp"
                },
                {
                    "title": "牛仔裤男",
                    "img": "https://s2.mogucdn.com/mlcdn/c45406/180423_7213g8b3l215jb2a4932b039afe6e_180x180.jpg_200x9999.v1c7E.81.webp"
                },
                {
                    "title": "五分裤",
                    "img": "https://s2.mogucdn.com/mlcdn/c45406/180613_181iajdi2a63ala8253ejgh92cld8_120x120.jpg_200x9999.v1c7E.81.webp"
                },
                {
                    "title": "休闲裤男",
                    "img": "https://s2.mogucdn.com/mlcdn/c45406/181122_49jhlaikbf36il2ga4b1ff37i46kd_120x120.jpg_200x9999.v1c7E.81.webp"
                },
                {
                    "title": "帆布鞋男",
                    "img": "https://s2.mogucdn.com/mlcdn/c45406/180613_60b3hfji4kjg59k020bc1590k2a16_120x120.jpg_200x9999.v1c7E.81.webp"
                },
                {
                    "title": "男鞋",
                    "img": "https://s2.mogucdn.com/mlcdn/c45406/180523_8f53b86fafljll11hjh4b8i0h9i10_120x120.png_200x9999.v1c7E.81.webp"
                },
                {
                    "title": "凉鞋",
                    "img": "https://s11.mogucdn.com/mlcdn/c45406/190311_66l03g95bcgl2j0323e8ff8g1ag1l_120x120.jpg_200x9999.v1c7E.81.webp"
                },
                {
                    "title": "单鞋",
                    "img": "https://s17.mogucdn.com/mlcdn/c45406/180731_5a5d7ci9l24l256k06k0a35dg3g76_120x120.jpg_200x9999.v1c7E.81.webp"
                },
                {
                    "title": "小白鞋",
                    "img": "https://s18.mogucdn.com/mlcdn/c45406/180227_069ci8he1419k16did4c1lk9l5j3g_120x120.jpg_200x9999.v1c7E.81.webp"
                },
                {
                    "title": "帆布鞋",
                    "img": "https://s2.mogucdn.com/mlcdn/c45406/190218_810d44i8b5lbchdc7geg5b7gi1e2e_800x800.jpg_200x9999.v1c7E.81.webp"
                },
                {
                    "title": "活力运动",
                    "img": "https://s2.mogucdn.com/mlcdn/c45406/181107_2d9k13a25f4ada6ahigh0k30l80ai_120x120.jpg_200x9999.v1c7E.81.webp"
                },
                {
                    "title": "高跟鞋",
                    "img": "https://s2.mogucdn.com/mlcdn/c45406/190311_3gjh50ijf6e4h4bfi106edjd63ldc_120x120.jpg_200x9999.v1c7E.81.webp"
                },
                {
                    "title": "拖鞋",
                    "img": "https://s2.mogucdn.com/mlcdn/c45406/190311_89ed0g8a550bh134c38e42h4j69ik_120x120.jpg_200x9999.v1c7E.81.webp"
                }
            ]
        },
        {
            "id": 11,
            "sort": [
                {
                    "title": "补水保湿",
                    "img": "https://s2.mogucdn.com/mlcdn/c45406/180613_2ckkg3c4h2i2i6158d76j2h88c552_180x180.jpg_200x9999.v1c7E.81.webp"
                },
                {
                    "title": "时尚套装",
                    "img": "https://s2.mogucdn.com/mlcdn/c45406/190611_3ka14aedjdi03jakh62d6ihed3638_130x130.png_200x9999.v1c7E.81.webp"
                },
                {
                    "title": "流行T恤",
                    "img": "https://s2.mogucdn.com/mlcdn/c45406/190611_8f3e1kfie169bg10d0jh860i6k495_130x130.png_200x9999.v1c7E.81.webp"
                },
                {
                    "title": "连衣裙",
                    "img": "https://s2.mogucdn.com/mlcdn/c45406/190611_80i70h1212l87e7d0dhf29kl9cb4b_130x130.png_200x9999.v1c7E.81.webp"
                },
                {
                    "title": "雪纺衫",
                    "img": "https://s2.mogucdn.com/mlcdn/c45406/190611_4iij56g0c9fhb646084e1i7aeb05i_130x130.png_200x9999.v1c7E.81.webp"
                },
                {
                    "title": "衬衫",
                    "img": "https://s2.mogucdn.com/mlcdn/c45406/190611_796e4jhegdfi111068dlbbg6d6l5i_130x130.png_200x9999.v1c7E.81.webp"
                },
                {
                    "title": "防晒衣",
                    "img": "https://s11.mogucdn.com/mlcdn/c45406/190611_6lbh90cghfk2h001i0efh8j77d655_130x130.png_200x9999.v1c7E.81.webp"
                },
                {
                    "title": "背心",
                    "img": "https://s17.mogucdn.com/mlcdn/c45406/190611_4c5c014714haibd02bjgjkadfg3je_130x130.png_200x9999.v1c7E.81.webp"
                },
                {
                    "title": "半身裙",
                    "img": "https://s18.mogucdn.com/mlcdn/c45406/190611_8ah2d6el0g375gbdki237bb87ghd0_130x130.png_200x9999.v1c7E.81.webp"
                },
                {
                    "title": "短裤",
                    "img": "https://s2.mogucdn.com/mlcdn/c45406/190611_7b6785hk6bfi8lf1g43k8093i43l1_130x130.png_200x9999.v1c7E.81.webp"
                },
                {
                    "title": "牛仔裤",
                    "img": "https://s2.mogucdn.com/mlcdn/c45406/190611_0d38ae0klald5009l3f9b1gic3kcl_130x130.png_200x9999.v1c7E.81.webp"
                },
                {
                    "title": "T恤男",
                    "img": "https://s2.mogucdn.com/mlcdn/c45406/180613_1hkc4klbjlejil2k1jklhfc57515f_120x120.jpg_200x9999.v1c7E.81.webp"
                },
                {
                    "title": "牛仔裤男",
                    "img": "https://s2.mogucdn.com/mlcdn/c45406/180423_7213g8b3l215jb2a4932b039afe6e_180x180.jpg_200x9999.v1c7E.81.webp"
                },
                {
                    "title": "五分裤",
                    "img": "https://s2.mogucdn.com/mlcdn/c45406/180613_181iajdi2a63ala8253ejgh92cld8_120x120.jpg_200x9999.v1c7E.81.webp"
                },
                {
                    "title": "休闲裤男",
                    "img": "https://s2.mogucdn.com/mlcdn/c45406/181122_49jhlaikbf36il2ga4b1ff37i46kd_120x120.jpg_200x9999.v1c7E.81.webp"
                },
                {
                    "title": "帆布鞋男",
                    "img": "https://s2.mogucdn.com/mlcdn/c45406/180613_60b3hfji4kjg59k020bc1590k2a16_120x120.jpg_200x9999.v1c7E.81.webp"
                },
                {
                    "title": "男鞋",
                    "img": "https://s2.mogucdn.com/mlcdn/c45406/180523_8f53b86fafljll11hjh4b8i0h9i10_120x120.png_200x9999.v1c7E.81.webp"
                },
                {
                    "title": "凉鞋",
                    "img": "https://s11.mogucdn.com/mlcdn/c45406/190311_66l03g95bcgl2j0323e8ff8g1ag1l_120x120.jpg_200x9999.v1c7E.81.webp"
                },
                {
                    "title": "单鞋",
                    "img": "https://s17.mogucdn.com/mlcdn/c45406/180731_5a5d7ci9l24l256k06k0a35dg3g76_120x120.jpg_200x9999.v1c7E.81.webp"
                },
                {
                    "title": "小白鞋",
                    "img": "https://s18.mogucdn.com/mlcdn/c45406/180227_069ci8he1419k16did4c1lk9l5j3g_120x120.jpg_200x9999.v1c7E.81.webp"
                },
                {
                    "title": "帆布鞋",
                    "img": "https://s2.mogucdn.com/mlcdn/c45406/190218_810d44i8b5lbchdc7geg5b7gi1e2e_800x800.jpg_200x9999.v1c7E.81.webp"
                },
                {
                    "title": "活力运动",
                    "img": "https://s2.mogucdn.com/mlcdn/c45406/181107_2d9k13a25f4ada6ahigh0k30l80ai_120x120.jpg_200x9999.v1c7E.81.webp"
                },
                {
                    "title": "高跟鞋",
                    "img": "https://s2.mogucdn.com/mlcdn/c45406/190311_3gjh50ijf6e4h4bfi106edjd63ldc_120x120.jpg_200x9999.v1c7E.81.webp"
                },
                {
                    "title": "拖鞋",
                    "img": "https://s2.mogucdn.com/mlcdn/c45406/190311_89ed0g8a550bh134c38e42h4j69ik_120x120.jpg_200x9999.v1c7E.81.webp"
                }
            ]
        },
        {
            "id": 12,
            "sort": [
                {
                    "title": "洗发护发",
                    "img": "https://s2.mogucdn.com/p2/161205/upload_6bk1eldi536676h6l52a0h324bjjb_130x130.jpg_200x9999.v1c7E.81.webp"
                },
                {
                    "title": "时尚套装",
                    "img": "https://s2.mogucdn.com/mlcdn/c45406/190611_3ka14aedjdi03jakh62d6ihed3638_130x130.png_200x9999.v1c7E.81.webp"
                },
                {
                    "title": "流行T恤",
                    "img": "https://s2.mogucdn.com/mlcdn/c45406/190611_8f3e1kfie169bg10d0jh860i6k495_130x130.png_200x9999.v1c7E.81.webp"
                },
                {
                    "title": "连衣裙",
                    "img": "https://s2.mogucdn.com/mlcdn/c45406/190611_80i70h1212l87e7d0dhf29kl9cb4b_130x130.png_200x9999.v1c7E.81.webp"
                },
                {
                    "title": "雪纺衫",
                    "img": "https://s2.mogucdn.com/mlcdn/c45406/190611_4iij56g0c9fhb646084e1i7aeb05i_130x130.png_200x9999.v1c7E.81.webp"
                },
                {
                    "title": "衬衫",
                    "img": "https://s2.mogucdn.com/mlcdn/c45406/190611_796e4jhegdfi111068dlbbg6d6l5i_130x130.png_200x9999.v1c7E.81.webp"
                },
                {
                    "title": "防晒衣",
                    "img": "https://s11.mogucdn.com/mlcdn/c45406/190611_6lbh90cghfk2h001i0efh8j77d655_130x130.png_200x9999.v1c7E.81.webp"
                },
                {
                    "title": "背心",
                    "img": "https://s17.mogucdn.com/mlcdn/c45406/190611_4c5c014714haibd02bjgjkadfg3je_130x130.png_200x9999.v1c7E.81.webp"
                },
                {
                    "title": "半身裙",
                    "img": "https://s18.mogucdn.com/mlcdn/c45406/190611_8ah2d6el0g375gbdki237bb87ghd0_130x130.png_200x9999.v1c7E.81.webp"
                },
                {
                    "title": "短裤",
                    "img": "https://s2.mogucdn.com/mlcdn/c45406/190611_7b6785hk6bfi8lf1g43k8093i43l1_130x130.png_200x9999.v1c7E.81.webp"
                },
                {
                    "title": "牛仔裤",
                    "img": "https://s2.mogucdn.com/mlcdn/c45406/190611_0d38ae0klald5009l3f9b1gic3kcl_130x130.png_200x9999.v1c7E.81.webp"
                },
                {
                    "title": "T恤男",
                    "img": "https://s2.mogucdn.com/mlcdn/c45406/180613_1hkc4klbjlejil2k1jklhfc57515f_120x120.jpg_200x9999.v1c7E.81.webp"
                },
                {
                    "title": "牛仔裤男",
                    "img": "https://s2.mogucdn.com/mlcdn/c45406/180423_7213g8b3l215jb2a4932b039afe6e_180x180.jpg_200x9999.v1c7E.81.webp"
                },
                {
                    "title": "五分裤",
                    "img": "https://s2.mogucdn.com/mlcdn/c45406/180613_181iajdi2a63ala8253ejgh92cld8_120x120.jpg_200x9999.v1c7E.81.webp"
                },
                {
                    "title": "休闲裤男",
                    "img": "https://s2.mogucdn.com/mlcdn/c45406/181122_49jhlaikbf36il2ga4b1ff37i46kd_120x120.jpg_200x9999.v1c7E.81.webp"
                },
                {
                    "title": "帆布鞋男",
                    "img": "https://s2.mogucdn.com/mlcdn/c45406/180613_60b3hfji4kjg59k020bc1590k2a16_120x120.jpg_200x9999.v1c7E.81.webp"
                },
                {
                    "title": "男鞋",
                    "img": "https://s2.mogucdn.com/mlcdn/c45406/180523_8f53b86fafljll11hjh4b8i0h9i10_120x120.png_200x9999.v1c7E.81.webp"
                },
                {
                    "title": "凉鞋",
                    "img": "https://s11.mogucdn.com/mlcdn/c45406/190311_66l03g95bcgl2j0323e8ff8g1ag1l_120x120.jpg_200x9999.v1c7E.81.webp"
                },
                {
                    "title": "单鞋",
                    "img": "https://s17.mogucdn.com/mlcdn/c45406/180731_5a5d7ci9l24l256k06k0a35dg3g76_120x120.jpg_200x9999.v1c7E.81.webp"
                },
                {
                    "title": "小白鞋",
                    "img": "https://s18.mogucdn.com/mlcdn/c45406/180227_069ci8he1419k16did4c1lk9l5j3g_120x120.jpg_200x9999.v1c7E.81.webp"
                },
                {
                    "title": "帆布鞋",
                    "img": "https://s2.mogucdn.com/mlcdn/c45406/190218_810d44i8b5lbchdc7geg5b7gi1e2e_800x800.jpg_200x9999.v1c7E.81.webp"
                },
                {
                    "title": "活力运动",
                    "img": "https://s2.mogucdn.com/mlcdn/c45406/181107_2d9k13a25f4ada6ahigh0k30l80ai_120x120.jpg_200x9999.v1c7E.81.webp"
                },
                {
                    "title": "高跟鞋",
                    "img": "https://s2.mogucdn.com/mlcdn/c45406/190311_3gjh50ijf6e4h4bfi106edjd63ldc_120x120.jpg_200x9999.v1c7E.81.webp"
                },
                {
                    "title": "拖鞋",
                    "img": "https://s2.mogucdn.com/mlcdn/c45406/190311_89ed0g8a550bh134c38e42h4j69ik_120x120.jpg_200x9999.v1c7E.81.webp"
                }
            ]
        },
        {
            "id": 13,
            "sort": [
                {
                    "title": "四件套",
                    "img": "https://s11.mogucdn.com/mlcdn/c45406/190103_87ajlih0l44l2e7086cj11067kl8d_130x130.jpg_200x9999.v1c7E.81.webp"
                },
                {
                    "title": "时尚套装",
                    "img": "https://s2.mogucdn.com/mlcdn/c45406/190611_3ka14aedjdi03jakh62d6ihed3638_130x130.png_200x9999.v1c7E.81.webp"
                },
                {
                    "title": "流行T恤",
                    "img": "https://s2.mogucdn.com/mlcdn/c45406/190611_8f3e1kfie169bg10d0jh860i6k495_130x130.png_200x9999.v1c7E.81.webp"
                },
                {
                    "title": "连衣裙",
                    "img": "https://s2.mogucdn.com/mlcdn/c45406/190611_80i70h1212l87e7d0dhf29kl9cb4b_130x130.png_200x9999.v1c7E.81.webp"
                },
                {
                    "title": "雪纺衫",
                    "img": "https://s2.mogucdn.com/mlcdn/c45406/190611_4iij56g0c9fhb646084e1i7aeb05i_130x130.png_200x9999.v1c7E.81.webp"
                },
                {
                    "title": "衬衫",
                    "img": "https://s2.mogucdn.com/mlcdn/c45406/190611_796e4jhegdfi111068dlbbg6d6l5i_130x130.png_200x9999.v1c7E.81.webp"
                },
                {
                    "title": "防晒衣",
                    "img": "https://s11.mogucdn.com/mlcdn/c45406/190611_6lbh90cghfk2h001i0efh8j77d655_130x130.png_200x9999.v1c7E.81.webp"
                },
                {
                    "title": "背心",
                    "img": "https://s17.mogucdn.com/mlcdn/c45406/190611_4c5c014714haibd02bjgjkadfg3je_130x130.png_200x9999.v1c7E.81.webp"
                },
                {
                    "title": "半身裙",
                    "img": "https://s18.mogucdn.com/mlcdn/c45406/190611_8ah2d6el0g375gbdki237bb87ghd0_130x130.png_200x9999.v1c7E.81.webp"
                },
                {
                    "title": "短裤",
                    "img": "https://s2.mogucdn.com/mlcdn/c45406/190611_7b6785hk6bfi8lf1g43k8093i43l1_130x130.png_200x9999.v1c7E.81.webp"
                },
                {
                    "title": "牛仔裤",
                    "img": "https://s2.mogucdn.com/mlcdn/c45406/190611_0d38ae0klald5009l3f9b1gic3kcl_130x130.png_200x9999.v1c7E.81.webp"
                },
                {
                    "title": "T恤男",
                    "img": "https://s2.mogucdn.com/mlcdn/c45406/180613_1hkc4klbjlejil2k1jklhfc57515f_120x120.jpg_200x9999.v1c7E.81.webp"
                },
                {
                    "title": "牛仔裤男",
                    "img": "https://s2.mogucdn.com/mlcdn/c45406/180423_7213g8b3l215jb2a4932b039afe6e_180x180.jpg_200x9999.v1c7E.81.webp"
                },
                {
                    "title": "五分裤",
                    "img": "https://s2.mogucdn.com/mlcdn/c45406/180613_181iajdi2a63ala8253ejgh92cld8_120x120.jpg_200x9999.v1c7E.81.webp"
                },
                {
                    "title": "休闲裤男",
                    "img": "https://s2.mogucdn.com/mlcdn/c45406/181122_49jhlaikbf36il2ga4b1ff37i46kd_120x120.jpg_200x9999.v1c7E.81.webp"
                },
                {
                    "title": "帆布鞋男",
                    "img": "https://s2.mogucdn.com/mlcdn/c45406/180613_60b3hfji4kjg59k020bc1590k2a16_120x120.jpg_200x9999.v1c7E.81.webp"
                },
                {
                    "title": "男鞋",
                    "img": "https://s2.mogucdn.com/mlcdn/c45406/180523_8f53b86fafljll11hjh4b8i0h9i10_120x120.png_200x9999.v1c7E.81.webp"
                },
                {
                    "title": "凉鞋",
                    "img": "https://s11.mogucdn.com/mlcdn/c45406/190311_66l03g95bcgl2j0323e8ff8g1ag1l_120x120.jpg_200x9999.v1c7E.81.webp"
                },
                {
                    "title": "单鞋",
                    "img": "https://s17.mogucdn.com/mlcdn/c45406/180731_5a5d7ci9l24l256k06k0a35dg3g76_120x120.jpg_200x9999.v1c7E.81.webp"
                },
                {
                    "title": "小白鞋",
                    "img": "https://s18.mogucdn.com/mlcdn/c45406/180227_069ci8he1419k16did4c1lk9l5j3g_120x120.jpg_200x9999.v1c7E.81.webp"
                },
                {
                    "title": "帆布鞋",
                    "img": "https://s2.mogucdn.com/mlcdn/c45406/190218_810d44i8b5lbchdc7geg5b7gi1e2e_800x800.jpg_200x9999.v1c7E.81.webp"
                },
                {
                    "title": "活力运动",
                    "img": "https://s2.mogucdn.com/mlcdn/c45406/181107_2d9k13a25f4ada6ahigh0k30l80ai_120x120.jpg_200x9999.v1c7E.81.webp"
                },
                {
                    "title": "高跟鞋",
                    "img": "https://s2.mogucdn.com/mlcdn/c45406/190311_3gjh50ijf6e4h4bfi106edjd63ldc_120x120.jpg_200x9999.v1c7E.81.webp"
                },
                {
                    "title": "拖鞋",
                    "img": "https://s2.mogucdn.com/mlcdn/c45406/190311_89ed0g8a550bh134c38e42h4j69ik_120x120.jpg_200x9999.v1c7E.81.webp"
                }
            ]
        },
        {
            "id": 14,
            "sort": [
                {
                    "title": "收纳盒",
                    "img": "https://s2.mogucdn.com/mlcdn/c45406/190102_7b8c7ik5j7ghi72di9cj5dcf5dhhj_130x130.jpg_200x9999.v1c7E.81.webp"
                },
                {
                    "title": "时尚套装",
                    "img": "https://s2.mogucdn.com/mlcdn/c45406/190611_3ka14aedjdi03jakh62d6ihed3638_130x130.png_200x9999.v1c7E.81.webp"
                },
                {
                    "title": "流行T恤",
                    "img": "https://s2.mogucdn.com/mlcdn/c45406/190611_8f3e1kfie169bg10d0jh860i6k495_130x130.png_200x9999.v1c7E.81.webp"
                },
                {
                    "title": "连衣裙",
                    "img": "https://s2.mogucdn.com/mlcdn/c45406/190611_80i70h1212l87e7d0dhf29kl9cb4b_130x130.png_200x9999.v1c7E.81.webp"
                },
                {
                    "title": "雪纺衫",
                    "img": "https://s2.mogucdn.com/mlcdn/c45406/190611_4iij56g0c9fhb646084e1i7aeb05i_130x130.png_200x9999.v1c7E.81.webp"
                },
                {
                    "title": "衬衫",
                    "img": "https://s2.mogucdn.com/mlcdn/c45406/190611_796e4jhegdfi111068dlbbg6d6l5i_130x130.png_200x9999.v1c7E.81.webp"
                },
                {
                    "title": "防晒衣",
                    "img": "https://s11.mogucdn.com/mlcdn/c45406/190611_6lbh90cghfk2h001i0efh8j77d655_130x130.png_200x9999.v1c7E.81.webp"
                },
                {
                    "title": "背心",
                    "img": "https://s17.mogucdn.com/mlcdn/c45406/190611_4c5c014714haibd02bjgjkadfg3je_130x130.png_200x9999.v1c7E.81.webp"
                },
                {
                    "title": "半身裙",
                    "img": "https://s18.mogucdn.com/mlcdn/c45406/190611_8ah2d6el0g375gbdki237bb87ghd0_130x130.png_200x9999.v1c7E.81.webp"
                },
                {
                    "title": "短裤",
                    "img": "https://s2.mogucdn.com/mlcdn/c45406/190611_7b6785hk6bfi8lf1g43k8093i43l1_130x130.png_200x9999.v1c7E.81.webp"
                },
                {
                    "title": "牛仔裤",
                    "img": "https://s2.mogucdn.com/mlcdn/c45406/190611_0d38ae0klald5009l3f9b1gic3kcl_130x130.png_200x9999.v1c7E.81.webp"
                },
                {
                    "title": "T恤男",
                    "img": "https://s2.mogucdn.com/mlcdn/c45406/180613_1hkc4klbjlejil2k1jklhfc57515f_120x120.jpg_200x9999.v1c7E.81.webp"
                },
                {
                    "title": "牛仔裤男",
                    "img": "https://s2.mogucdn.com/mlcdn/c45406/180423_7213g8b3l215jb2a4932b039afe6e_180x180.jpg_200x9999.v1c7E.81.webp"
                },
                {
                    "title": "五分裤",
                    "img": "https://s2.mogucdn.com/mlcdn/c45406/180613_181iajdi2a63ala8253ejgh92cld8_120x120.jpg_200x9999.v1c7E.81.webp"
                },
                {
                    "title": "休闲裤男",
                    "img": "https://s2.mogucdn.com/mlcdn/c45406/181122_49jhlaikbf36il2ga4b1ff37i46kd_120x120.jpg_200x9999.v1c7E.81.webp"
                },
                {
                    "title": "帆布鞋男",
                    "img": "https://s2.mogucdn.com/mlcdn/c45406/180613_60b3hfji4kjg59k020bc1590k2a16_120x120.jpg_200x9999.v1c7E.81.webp"
                },
                {
                    "title": "男鞋",
                    "img": "https://s2.mogucdn.com/mlcdn/c45406/180523_8f53b86fafljll11hjh4b8i0h9i10_120x120.png_200x9999.v1c7E.81.webp"
                },
                {
                    "title": "凉鞋",
                    "img": "https://s11.mogucdn.com/mlcdn/c45406/190311_66l03g95bcgl2j0323e8ff8g1ag1l_120x120.jpg_200x9999.v1c7E.81.webp"
                },
                {
                    "title": "单鞋",
                    "img": "https://s17.mogucdn.com/mlcdn/c45406/180731_5a5d7ci9l24l256k06k0a35dg3g76_120x120.jpg_200x9999.v1c7E.81.webp"
                },
                {
                    "title": "小白鞋",
                    "img": "https://s18.mogucdn.com/mlcdn/c45406/180227_069ci8he1419k16did4c1lk9l5j3g_120x120.jpg_200x9999.v1c7E.81.webp"
                },
                {
                    "title": "帆布鞋",
                    "img": "https://s2.mogucdn.com/mlcdn/c45406/190218_810d44i8b5lbchdc7geg5b7gi1e2e_800x800.jpg_200x9999.v1c7E.81.webp"
                },
                {
                    "title": "活力运动",
                    "img": "https://s2.mogucdn.com/mlcdn/c45406/181107_2d9k13a25f4ada6ahigh0k30l80ai_120x120.jpg_200x9999.v1c7E.81.webp"
                },
                {
                    "title": "高跟鞋",
                    "img": "https://s2.mogucdn.com/mlcdn/c45406/190311_3gjh50ijf6e4h4bfi106edjd63ldc_120x120.jpg_200x9999.v1c7E.81.webp"
                },
                {
                    "title": "拖鞋",
                    "img": "https://s2.mogucdn.com/mlcdn/c45406/190311_89ed0g8a550bh134c38e42h4j69ik_120x120.jpg_200x9999.v1c7E.81.webp"
                }
            ]
        },
        {
            "id": 15,
            "sort": [
                {
                    "title": "女童专区",
                    "img": "https://s2.mogucdn.com/mlcdn/c45406/190611_271k7f4cc0dh5jhf437kl27k10b2a_430x430.jpg_200x9999.v1c7E.81.webp"
                },
                {
                    "title": "时尚套装",
                    "img": "https://s2.mogucdn.com/mlcdn/c45406/190611_3ka14aedjdi03jakh62d6ihed3638_130x130.png_200x9999.v1c7E.81.webp"
                },
                {
                    "title": "流行T恤",
                    "img": "https://s2.mogucdn.com/mlcdn/c45406/190611_8f3e1kfie169bg10d0jh860i6k495_130x130.png_200x9999.v1c7E.81.webp"
                },
                {
                    "title": "连衣裙",
                    "img": "https://s2.mogucdn.com/mlcdn/c45406/190611_80i70h1212l87e7d0dhf29kl9cb4b_130x130.png_200x9999.v1c7E.81.webp"
                },
                {
                    "title": "雪纺衫",
                    "img": "https://s2.mogucdn.com/mlcdn/c45406/190611_4iij56g0c9fhb646084e1i7aeb05i_130x130.png_200x9999.v1c7E.81.webp"
                },
                {
                    "title": "衬衫",
                    "img": "https://s2.mogucdn.com/mlcdn/c45406/190611_796e4jhegdfi111068dlbbg6d6l5i_130x130.png_200x9999.v1c7E.81.webp"
                },
                {
                    "title": "防晒衣",
                    "img": "https://s11.mogucdn.com/mlcdn/c45406/190611_6lbh90cghfk2h001i0efh8j77d655_130x130.png_200x9999.v1c7E.81.webp"
                },
                {
                    "title": "背心",
                    "img": "https://s17.mogucdn.com/mlcdn/c45406/190611_4c5c014714haibd02bjgjkadfg3je_130x130.png_200x9999.v1c7E.81.webp"
                },
                {
                    "title": "半身裙",
                    "img": "https://s18.mogucdn.com/mlcdn/c45406/190611_8ah2d6el0g375gbdki237bb87ghd0_130x130.png_200x9999.v1c7E.81.webp"
                },
                {
                    "title": "短裤",
                    "img": "https://s2.mogucdn.com/mlcdn/c45406/190611_7b6785hk6bfi8lf1g43k8093i43l1_130x130.png_200x9999.v1c7E.81.webp"
                },
                {
                    "title": "牛仔裤",
                    "img": "https://s2.mogucdn.com/mlcdn/c45406/190611_0d38ae0klald5009l3f9b1gic3kcl_130x130.png_200x9999.v1c7E.81.webp"
                },
                {
                    "title": "T恤男",
                    "img": "https://s2.mogucdn.com/mlcdn/c45406/180613_1hkc4klbjlejil2k1jklhfc57515f_120x120.jpg_200x9999.v1c7E.81.webp"
                },
                {
                    "title": "牛仔裤男",
                    "img": "https://s2.mogucdn.com/mlcdn/c45406/180423_7213g8b3l215jb2a4932b039afe6e_180x180.jpg_200x9999.v1c7E.81.webp"
                },
                {
                    "title": "五分裤",
                    "img": "https://s2.mogucdn.com/mlcdn/c45406/180613_181iajdi2a63ala8253ejgh92cld8_120x120.jpg_200x9999.v1c7E.81.webp"
                },
                {
                    "title": "休闲裤男",
                    "img": "https://s2.mogucdn.com/mlcdn/c45406/181122_49jhlaikbf36il2ga4b1ff37i46kd_120x120.jpg_200x9999.v1c7E.81.webp"
                },
                {
                    "title": "帆布鞋男",
                    "img": "https://s2.mogucdn.com/mlcdn/c45406/180613_60b3hfji4kjg59k020bc1590k2a16_120x120.jpg_200x9999.v1c7E.81.webp"
                },
                {
                    "title": "男鞋",
                    "img": "https://s2.mogucdn.com/mlcdn/c45406/180523_8f53b86fafljll11hjh4b8i0h9i10_120x120.png_200x9999.v1c7E.81.webp"
                },
                {
                    "title": "凉鞋",
                    "img": "https://s11.mogucdn.com/mlcdn/c45406/190311_66l03g95bcgl2j0323e8ff8g1ag1l_120x120.jpg_200x9999.v1c7E.81.webp"
                },
                {
                    "title": "单鞋",
                    "img": "https://s17.mogucdn.com/mlcdn/c45406/180731_5a5d7ci9l24l256k06k0a35dg3g76_120x120.jpg_200x9999.v1c7E.81.webp"
                },
                {
                    "title": "小白鞋",
                    "img": "https://s18.mogucdn.com/mlcdn/c45406/180227_069ci8he1419k16did4c1lk9l5j3g_120x120.jpg_200x9999.v1c7E.81.webp"
                },
                {
                    "title": "帆布鞋",
                    "img": "https://s2.mogucdn.com/mlcdn/c45406/190218_810d44i8b5lbchdc7geg5b7gi1e2e_800x800.jpg_200x9999.v1c7E.81.webp"
                },
                {
                    "title": "活力运动",
                    "img": "https://s2.mogucdn.com/mlcdn/c45406/181107_2d9k13a25f4ada6ahigh0k30l80ai_120x120.jpg_200x9999.v1c7E.81.webp"
                },
                {
                    "title": "高跟鞋",
                    "img": "https://s2.mogucdn.com/mlcdn/c45406/190311_3gjh50ijf6e4h4bfi106edjd63ldc_120x120.jpg_200x9999.v1c7E.81.webp"
                },
                {
                    "title": "拖鞋",
                    "img": "https://s2.mogucdn.com/mlcdn/c45406/190311_89ed0g8a550bh134c38e42h4j69ik_120x120.jpg_200x9999.v1c7E.81.webp"
                }
            ]
        },
        {
            "id": 16,
            "sort": [
                {
                    "title": "好运年货",
                    "img": "https://s2.mogucdn.com/mlcdn/c45406/190102_01674bigi9fiace95l85ak48j5h84_130x130.jpg_200x9999.v1c7E.81.webp"
                },
                {
                    "title": "时尚套装",
                    "img": "https://s2.mogucdn.com/mlcdn/c45406/190611_3ka14aedjdi03jakh62d6ihed3638_130x130.png_200x9999.v1c7E.81.webp"
                },
                {
                    "title": "流行T恤",
                    "img": "https://s2.mogucdn.com/mlcdn/c45406/190611_8f3e1kfie169bg10d0jh860i6k495_130x130.png_200x9999.v1c7E.81.webp"
                },
                {
                    "title": "连衣裙",
                    "img": "https://s2.mogucdn.com/mlcdn/c45406/190611_80i70h1212l87e7d0dhf29kl9cb4b_130x130.png_200x9999.v1c7E.81.webp"
                },
                {
                    "title": "雪纺衫",
                    "img": "https://s2.mogucdn.com/mlcdn/c45406/190611_4iij56g0c9fhb646084e1i7aeb05i_130x130.png_200x9999.v1c7E.81.webp"
                },
                {
                    "title": "衬衫",
                    "img": "https://s2.mogucdn.com/mlcdn/c45406/190611_796e4jhegdfi111068dlbbg6d6l5i_130x130.png_200x9999.v1c7E.81.webp"
                },
                {
                    "title": "防晒衣",
                    "img": "https://s11.mogucdn.com/mlcdn/c45406/190611_6lbh90cghfk2h001i0efh8j77d655_130x130.png_200x9999.v1c7E.81.webp"
                },
                {
                    "title": "背心",
                    "img": "https://s17.mogucdn.com/mlcdn/c45406/190611_4c5c014714haibd02bjgjkadfg3je_130x130.png_200x9999.v1c7E.81.webp"
                },
                {
                    "title": "半身裙",
                    "img": "https://s18.mogucdn.com/mlcdn/c45406/190611_8ah2d6el0g375gbdki237bb87ghd0_130x130.png_200x9999.v1c7E.81.webp"
                },
                {
                    "title": "短裤",
                    "img": "https://s2.mogucdn.com/mlcdn/c45406/190611_7b6785hk6bfi8lf1g43k8093i43l1_130x130.png_200x9999.v1c7E.81.webp"
                },
                {
                    "title": "牛仔裤",
                    "img": "https://s2.mogucdn.com/mlcdn/c45406/190611_0d38ae0klald5009l3f9b1gic3kcl_130x130.png_200x9999.v1c7E.81.webp"
                },
                {
                    "title": "T恤男",
                    "img": "https://s2.mogucdn.com/mlcdn/c45406/180613_1hkc4klbjlejil2k1jklhfc57515f_120x120.jpg_200x9999.v1c7E.81.webp"
                },
                {
                    "title": "牛仔裤男",
                    "img": "https://s2.mogucdn.com/mlcdn/c45406/180423_7213g8b3l215jb2a4932b039afe6e_180x180.jpg_200x9999.v1c7E.81.webp"
                },
                {
                    "title": "五分裤",
                    "img": "https://s2.mogucdn.com/mlcdn/c45406/180613_181iajdi2a63ala8253ejgh92cld8_120x120.jpg_200x9999.v1c7E.81.webp"
                },
                {
                    "title": "休闲裤男",
                    "img": "https://s2.mogucdn.com/mlcdn/c45406/181122_49jhlaikbf36il2ga4b1ff37i46kd_120x120.jpg_200x9999.v1c7E.81.webp"
                },
                {
                    "title": "帆布鞋男",
                    "img": "https://s2.mogucdn.com/mlcdn/c45406/180613_60b3hfji4kjg59k020bc1590k2a16_120x120.jpg_200x9999.v1c7E.81.webp"
                },
                {
                    "title": "男鞋",
                    "img": "https://s2.mogucdn.com/mlcdn/c45406/180523_8f53b86fafljll11hjh4b8i0h9i10_120x120.png_200x9999.v1c7E.81.webp"
                },
                {
                    "title": "凉鞋",
                    "img": "https://s11.mogucdn.com/mlcdn/c45406/190311_66l03g95bcgl2j0323e8ff8g1ag1l_120x120.jpg_200x9999.v1c7E.81.webp"
                },
                {
                    "title": "单鞋",
                    "img": "https://s17.mogucdn.com/mlcdn/c45406/180731_5a5d7ci9l24l256k06k0a35dg3g76_120x120.jpg_200x9999.v1c7E.81.webp"
                },
                {
                    "title": "小白鞋",
                    "img": "https://s18.mogucdn.com/mlcdn/c45406/180227_069ci8he1419k16did4c1lk9l5j3g_120x120.jpg_200x9999.v1c7E.81.webp"
                },
                {
                    "title": "帆布鞋",
                    "img": "https://s2.mogucdn.com/mlcdn/c45406/190218_810d44i8b5lbchdc7geg5b7gi1e2e_800x800.jpg_200x9999.v1c7E.81.webp"
                },
                {
                    "title": "活力运动",
                    "img": "https://s2.mogucdn.com/mlcdn/c45406/181107_2d9k13a25f4ada6ahigh0k30l80ai_120x120.jpg_200x9999.v1c7E.81.webp"
                },
                {
                    "title": "高跟鞋",
                    "img": "https://s2.mogucdn.com/mlcdn/c45406/190311_3gjh50ijf6e4h4bfi106edjd63ldc_120x120.jpg_200x9999.v1c7E.81.webp"
                },
                {
                    "title": "拖鞋",
                    "img": "https://s2.mogucdn.com/mlcdn/c45406/190311_89ed0g8a550bh134c38e42h4j69ik_120x120.jpg_200x9999.v1c7E.81.webp"
                }
            ]
        }
    ],
    "goods": {
        "alls": [
            {
                "img": "https://s18.mogucdn.com/mlcdn/17f85e/180321_23d4hd0f5a47931hhcad8a4ba6964_640x960.jpg_240x320.v1cAC.40.webp",
                "sell": "已售2196件",
                "title": "性感超薄款大胸显小内衣女聚拢无钢圈缩胸大码收副乳大罩杯文胸罩",
                "price": "¥89",
                "num": "8685"
            },
            {
                "img": "https://s2.mogucdn.com/mlcdn/c45406/190531_370jl06g82k264jlfh1gf1a68ghl5_640x960.jpg_240x320.v1cAC.40.webp",
                "sell": "已售702件",
                "title": "夏季新款韩版修身显瘦短袖针织开衫+高腰阔腿裤时尚两件套套装女",
                "price": "¥49",
                "num": "2255"
            },
            {
                "img": "https://s2.mogucdn.com/mlcdn/c45406/190420_5bl7igj2k14kiecb60764jg4lb6i8_640x960.jpg_240x320.v1cAC.40.webp",
                "sell": "已售3415件",
                "title": "夏季时尚套装女装新款韩版小个子蝙蝠袖爱心雪纺衫高腰裤子两件套",
                "price": "¥49",
                "num": "7318"
            },
            {
                "img": "https://s2.mogucdn.com/mlcdn/c45406/180621_00e5i2711h0de8lhe4568kkie9d90_640x960.jpg_240x320.v1cAC.40.webp",
                "sell": "已售2559件",
                "title": "韩版气质百搭ulzzang下摆打结扭花短款露脐修身短袖T恤女",
                "price": "¥39.9",
                "num": "5165"
            },
            {
                "img": "https://s2.mogucdn.com/mlcdn/55cf19/190724_8586f0fc4f6j6fk47685ke2llbb28_640x960.jpg_240x320.v1cAC.40.webp",
                "sell": "已售2196件",
                "title": "夏天小包包女包新款2019韩版时尚百搭斜挎包ins小香风菱格链条包",
                "price": "¥189",
                "num": "85"
            },
            {
                "img": "https://s2.mogucdn.com/mlcdn/c45406/190724_8442klk7acba4298f7k5idj44lcfg_800x800.jpg_240x320.v1cAC.40.webp",
                "sell": "已售0件",
                "title": "【橙子粉丝专享】新小包包新款可爱卡通胸包百搭少女小挎包潮",
                "price": "¥69.9",
                "num": "5"
            }
        ],
        "soles": [
            {
                "img": "https://s2.mogucdn.com/mlcdn/55cf19/190724_8586f0fc4f6j6fk47685ke2llbb28_640x960.jpg_240x320.v1cAC.40.webp",
                "sell": "已售2196件",
                "title": "夏天小包包女包新款2019韩版时尚百搭斜挎包ins小香风菱格链条包",
                "price": "¥189",
                "num": "85"
            },
            {
                "img": "https://s2.mogucdn.com/mlcdn/c45406/190724_8442klk7acba4298f7k5idj44lcfg_800x800.jpg_240x320.v1cAC.40.webp",
                "sell": "已售0件",
                "title": "【橙子粉丝专享】新小包包新款可爱卡通胸包百搭少女小挎包潮",
                "price": "¥69.9",
                "num": "5"
            },
            {
                "img": "https://s2.mogucdn.com/mlcdn/c45406/190724_2lc18l8eah3hh26e0aedbc83d7e51_1000x1500.jpg_240x320.v1cAC.40.webp",
                "sell": "已售15件",
                "title": "新款格纹撞色包小香风链条包女百搭简约风格小方包韩版时尚女包潮",
                "price": "¥49",
                "num": "18"
            },
            {
                "img": "https://s11.mogucdn.com/mlcdn/c45406/190724_1gij9g30h1g6li75h8lkeklc76da9_800x800.jpg_240x320.v1cAC.40.webp",
                "sell": "已售9件",
                "title": "运动鞋女2019夏新款百搭休闲厚底内增高鞋韩版网面透气袜子鞋",
                "price": "¥39.9",
                "num": "65"
            },
            {
                "img": "https://s2.mogucdn.com/mlcdn/c45406/190420_5bl7igj2k14kiecb60764jg4lb6i8_640x960.jpg_240x320.v1cAC.40.webp",
                "sell": "已售3415件",
                "title": "夏季时尚套装女装新款韩版小个子蝙蝠袖爱心雪纺衫高腰裤子两件套",
                "price": "¥49",
                "num": "7318"
            },
            {
                "img": "https://s2.mogucdn.com/mlcdn/c45406/180621_00e5i2711h0de8lhe4568kkie9d90_640x960.jpg_240x320.v1cAC.40.webp",
                "sell": "已售2559件",
                "title": "韩版气质百搭ulzzang下摆打结扭花短款露脐修身短袖T恤女",
                "price": "¥39.9",
                "num": "5165"
            }
        ],
        "news": [
            {
                "img": "https://s2.mogucdn.com/mlcdn/17f85e/190627_09b4kfhlg97fdd68l52d61aij07j9_640x960.jpg_240x320.v1cAC.40.webp",
                "sell": "已售2196件",
                "title": "38元两支 屈臣氏爆卖】思尚保湿不掉色哑光正品口红持久学生款",
                "price": "¥89",
                "num": "8685"
            },
            {
                "img": "https://s2.mogucdn.com/mlcdn/c45406/190723_7k1e2jkb2gji7ej05h9ki9gfi270h_640x960.jpg_240x320.v1cAC.40.webp",
                "sell": "已售702件",
                "title": "WIS护肤品套装正品补水套装洗面奶水乳保湿滋润套装正品男女士",
                "price": "¥49",
                "num": "1255"
            },
            {
                "img": "https://s2.mogucdn.com/mlcdn/c45406/190308_3dck98d79fb67hh32bc93d802jlki_640x960.jpg_240x320.v1cAC.40.webp",
                "sell": "已售3415件",
                "title": "送5支化妆刷】抖音网红同款沙漠玫瑰18色眼影盘防水珠光哑光眼影大地色裸妆初学者正品",
                "price": "¥49",
                "num": "7318"
            },
            {
                "img": "https://s2.mogucdn.com/mlcdn/c45406/181005_6571a95l5ab1277875k382dcjk224_640x960.jpg_240x320.v1cAC.40.webp",
                "sell": "已售2559件",
                "title": "【送面膜】蜗牛原液护肤品套装素颜霜补水保湿滋润水乳化妆品正品",
                "price": "¥39.9",
                "num": "5165"
            },
            {
                "img": "https://s2.mogucdn.com/mlcdn/c45406/190724_8442klk7acba4298f7k5idj44lcfg_800x800.jpg_240x320.v1cAC.40.webp",
                "sell": "已售0件",
                "title": "【橙子粉丝专享】新小包包新款可爱卡通胸包百搭少女小挎包潮",
                "price": "¥69.9",
                "num": "5"
            },
            {
                "img": "https://s2.mogucdn.com/mlcdn/c45406/190724_2lc18l8eah3hh26e0aedbc83d7e51_1000x1500.jpg_240x320.v1cAC.40.webp",
                "sell": "已售15件",
                "title": "新款格纹撞色包小香风链条包女百搭简约风格小方包韩版时尚女包潮",
                "price": "¥49",
                "num": "18"
            }
        ]
    }
}