{
    "data": [
        {
            "id": "4",
            "data": {
                "img": [
                    "https://s11.mogucdn.com/mlcdn/c45406/190604_5h559c5k1dfikf25j0d8fcd97jic6_640x960.jpg_640x960.v1cAC.70.webp",
                    "https://s11.mogucdn.com/mlcdn/c45406/190604_1bkchlk02l8kf62ebe1jdi03d9bkj_838x872.jpg_640x960.v1cAC.70.webp",
                    "https://s3.mogucdn.com/mlcdn/c45406/190604_6i2lli5f5ehi8g8hbcj663ggg2864_838x864.jpg_640x960.v1cAC.70.webp",
                    "https://s11.mogucdn.com/mlcdn/c45406/190604_3ehgfg2fj2hjdb5100ggcf7h214a4_838x928.jpg_640x960.v1cAC.70.webp",
                    "https://s5.mogucdn.com/mlcdn/c45406/190604_0d376a2abgl6hkdj72hb4ek7j9h9j_800x800.jpg_640x960.v1cAC.70.webp"
                ],
                "price": {
                    "j": "84.00",
                    "p": "￥120.00",
                    "qg": "抢购价",
                    "title": "时尚套装女2019夏流行女装洋气减龄阔腿裤两件套女神显瘦套装",
                    "yf": "免运费",
                    "d": ""
                },
                "t": {
                    "tp": [
                        "72小时发货",
                        "7天无理由退货",
                        "延误必赔"
                    ],
                    "fw": []
                },
                "xz": {
                    "xz0": "请选择：颜色 尺码",
                    "xz1": {
                        "jg": "84.00",
                        "imgs": "https://s11.mogucdn.com/mlcdn/c45406/190604_5h559c5k1dfikf25j0d8fcd97jic6_640x960.jpg_640x960.v1cAC.70.webp",
                        "k": "库存8144件",
                        "xz": "请选择：颜色 尺码",
                        "yan": [
                            "黑色",
                            "蓝色"
                        ],
                        "cm": [
                            "S",
                            "M",
                            "L",
                            "XL"
                        ]
                    }
                },
                "m": [
                    "买家评价 36",
                    "销量 804"
                ],
                "span": [
                    "有图片 (10)",
                    "料子很不错 (10)",
                    "款式好 (10)",
                    "质量很好 (10)",
                    "尺寸无偏差 (3)"
                ],
                "ck": {
                    "zh": "4.44",
                    "ms": "4.41",
                    "sp": "4.48"
                },
                "user": [
                    {
                        "im": "https://s11.mogucdn.com/mlcdn/5abf39/190523_4fa5gc1bekicbl2723aiafl1521i0_132x132.jpg_100x100.jpg",
                        "name": "Danceholic2019",
                        "hs": "合身",
                        "sheng": "",
                        "tz": "",
                        "yf": " 黑色 / M",
                        "title": [
                            "套装搭配很方便，料子非常舒服，休闲又时尚。太喜欢了，朋友也说好看。会继续关注的"
                        ],
                        "span": [
                            "06月09日",
                            "有用 0"
                        ],
                        "im1": [
                            "https://s5.mogucdn.com/mlcdn/c45406/190611_3ij177a7f3b9534j9cb5e7i031g4k_1080x1440.jpg_100x100.jpg",
                            "https://s5.mogucdn.com/mlcdn/c45406/190611_31hc97bk4eahlfif1bl9k9eldh9fg_1080x1440.jpg_100x100.jpg",
                            "https://s3.mogucdn.com/mlcdn/c45406/190611_7239145lbdfhl2ch6j1k43l8i8j08_1080x1440.jpg_100x100.jpg"
                        ],
                        "zj": "",
                        "zjt": [],
                        "p": "[商家回复]:   谢谢小仙女百忙之中抽空出来给我们一个评价哇，很高兴您满意我们家的宝贝，愿风吹起如花般破碎的 流 年，而你的笑容摇晃摇晃，步 伐轻跃跳动，成为我宝途中最美的点缀，表白美美哒小仙女~您的肯定 就是 对我们最大的支持和鼓励，您的建议也时刻指引着我们向更高的标准前进，为了达到你 们的更高 要求，我 们时刻不断的改正自己，不断的完善自己，这也是对我们可爱的小仙女最大的回报。我们时刻 会记得你们 对我们的支持，希望你也记得我在时 刻期待你的再次光临~交易虽然结束，但服务才刚开始 ，虽然我们不 能万分肯定宝贝百分百不出问题，但我们会保证百分百解决问题!我们会用100%的诚心， 100% 的服务换取 您200%的满意，温暖知己在，蓝颜难觅。我一直在这里等你。^-^不断的寻寻觅觅，似 水流年，且行且记 且珍惜，愿每一件美好的宝贝都会有你的身 影，因为这是一生中美好的瞬间，很美 ，我们相遇更美。褪尽 风华，我依然在这里等你。^-^也希望能得到小仙女您的继续关注哦感谢小仙女 百忙之中抽空出来给我们一个评价哇，很高兴您满意我们家的宝贝，愿风吹起如花般破碎的流 年，而你 的笑容摇晃摇晃，步 伐轻跃跳动，成为我宝途中最美的点缀，表白美美哒小仙女~您的肯定就是 对我们 最大的支持和鼓励，您的建议也时刻指引着我们向更高的标准前进，为了达到你 们的更高要求，我 们 时刻不断的改正自己，不断的完善自己，这也是对我们可爱的小仙女最大的回报。我们时刻会记得你们 对我们的支持，希望你也记得我在时 刻期待你的再次光临~交易虽然结束，但服务才刚开始，虽然我们 不 能万分肯定宝贝百分百不出问题，但我们会保证百分百解决问题!我们会用100%的诚心，100% 的服务 换取 您200%的满意，温暖知己在，蓝颜难觅。我一直在这里等你。^-^不断的寻寻觅觅，似水流年，且 行且记 且珍惜，愿每一件美好的宝贝都会有你的身 影，因为这是一生中美好的瞬间，很美，我们相遇 更美。褪尽 风华，我依然在这里等你。^-^也希望能得到小仙女您的继续关注哦"
                    },
                    {
                        "im": "https://s11.mogucdn.com/mlcdn/5abf39/190423_7j48812kc8g304ke93lg1234b4afd_132x132.jpg_100x100.jpg",
                        "name": "wx_3h7twebs41h5s",
                        "hs": "",
                        "sheng": "",
                        "tz": "",
                        "yf": " 蓝色 / XL",
                        "title": [
                            "衣服已经收到 面料摸起来很舒服 做工精细 质量很好 试了试 上身效果特别好 很喜欢"
                        ],
                        "span": [
                            "06月24日",
                            "有用 0"
                        ],
                        "im1": [
                            "https://s3.mogucdn.com/mlcdn/c45406/190624_7hi073fe71bd5dbl816f9c680elad_1080x1080.jpg_100x100.jpg"
                        ],
                        "zj": "",
                        "zjt": [],
                        "p": "[商家回复]:   谢谢小仙女百忙之中抽空出来给我们一个评价哇，很高兴您满意我们家的宝贝，愿风吹起如花般破碎的 流 年，而你的笑容摇晃摇晃，步 伐轻跃跳动，成为我宝途中最美的点缀，表白美美哒小仙女~您的肯定 就是 对我们最大的支持和鼓励，您的建议也时刻指引着我们向更高的标准前进，为了达到你 们的更高 要求，我 们时刻不断的改正自己，不断的完善自己，这也是对我们可爱的小仙女最大的回报。我们时刻 会记得你们 对我们的支持，希望你也记得我在时 刻期待你的再次光临~交易虽然结束，但服务才刚开始 ，虽然我们不 能万分肯定宝贝百分百不出问题，但我们会保证百分百解决问题!我们会用100%的诚心， 100% 的服务换取 您200%的满意，温暖知己在，蓝颜难觅。我一直在这里等你。^-^不断的寻寻觅觅，似 水流年，且行且记 且珍惜，愿每一件美好的宝贝都会有你的身 影，因为这是一生中美好的瞬间，很美 ，我们相遇更美。褪尽 风华，我依然在这里等你。^-^也希望能得到小仙女您的继续关注哦感谢小仙女 百忙之中抽空出来给我们一个评价哇，很高兴您满意我们家的宝贝，愿风吹起如花般破碎的流 年，而你 的笑容摇晃摇晃，步 伐轻跃跳动，成为我宝途中最美的点缀，表白美美哒小仙女~您的肯定就是 对我们 最大的支持和鼓励，您的建议也时刻指引着我们向更高的标准前进，为了达到你 们的更高要求，我 们 时刻不断的改正自己，不断的完善自己，这也是对我们可爱的小仙女最大的回报。我们时刻会记得你们 对我们的支持，希望你也记得我在时 刻期待你的再次光临~交易虽然结束，但服务才刚开始，虽然我们 不 能万分肯定宝贝百分百不出问题，但我们会保证百分百解决问题!我们会用100%的诚心，100% 的服务 换取 您200%的满意，温暖知己在，蓝颜难觅。我一直在这里等你。^-^不断的寻寻觅觅，似水流年，且 行且记 且珍惜，愿每一件美好的宝贝都会有你的身 影，因为这是一生中美好的瞬间，很美，我们相遇 更美。褪尽 风华，我依然在这里等你。^-^也希望能得到小仙女您的继续关注哦"
                    },
                    {
                        "im": "https://s3.mogucdn.com/mlcdn/5abf39/181116_7hdf5bf6dh22k3f62c7jkh665a14f_132x132.jpg_100x100.jpg",
                        "name": "wx_obyasapksthmb",
                        "hs": "",
                        "sheng": "",
                        "tz": "",
                        "yf": " 蓝色 / XL",
                        "title": [
                            "衣服收到了，面料柔软舒适，没有色差，做工细，简单大方，和卖家描述的一样值得购买"
                        ],
                        "span": [
                            "06月16日",
                            "有用 3"
                        ],
                        "im1": [],
                        "zj": "",
                        "zjt": [],
                        "p": "[商家回复]:   谢谢小仙女百忙之中抽空出来给我们一个评价哇，很高兴您满意我们家的宝贝，愿风吹起如花般破碎的 流 年，而你的笑容摇晃摇晃，步 伐轻跃跳动，成为我宝途中最美的点缀，表白美美哒小仙女~您的肯定 就是 对我们最大的支持和鼓励，您的建议也时刻指引着我们向更高的标准前进，为了达到你 们的更高 要求，我 们时刻不断的改正自己，不断的完善自己，这也是对我们可爱的小仙女最大的回报。我们时刻 会记得你们 对我们的支持，希望你也记得我在时 刻期待你的再次光临~交易虽然结束，但服务才刚开始 ，虽然我们不 能万分肯定宝贝百分百不出问题，但我们会保证百分百解决问题!我们会用100%的诚心， 100% 的服务换取 您200%的满意，温暖知己在，蓝颜难觅。我一直在这里等你。^-^不断的寻寻觅觅，似 水流年，且行且记 且珍惜，愿每一件美好的宝贝都会有你的身 影，因为这是一生中美好的瞬间，很美 ，我们相遇更美。褪尽 风华，我依然在这里等你。^-^也希望能得到小仙女您的继续关注哦感谢小仙女 百忙之中抽空出来给我们一个评价哇，很高兴您满意我们家的宝贝，愿风吹起如花般破碎的流 年，而你 的笑容摇晃摇晃，步 伐轻跃跳动，成为我宝途中最美的点缀，表白美美哒小仙女~您的肯定就是 对我们 最大的支持和鼓励，您的建议也时刻指引着我们向更高的标准前进，为了达到你 们的更高要求，我 们 时刻不断的改正自己，不断的完善自己，这也是对我们可爱的小仙女最大的回报。我们时刻会记得你们 对我们的支持，希望你也记得我在时 刻期待你的再次光临~交易虽然结束，但服务才刚开始，虽然我们 不 能万分肯定宝贝百分百不出问题，但我们会保证百分百解决问题!我们会用100%的诚心，100% 的服务 换取 您200%的满意，温暖知己在，蓝颜难觅。我一直在这里等你。^-^不断的寻寻觅觅，似水流年，且 行且记 且珍惜，愿每一件美好的宝贝都会有你的身 影，因为这是一生中美好的瞬间，很美，我们相遇 更美。褪尽 风华，我依然在这里等你。^-^也希望能得到小仙女您的继续关注哦"
                    },
                    {
                        "im": "https://s3.mogucdn.com/mlcdn/5abf39/180208_4j7hd1c5232993hdk2ac132k6c39j_960x960.jpg_100x100.jpg",
                        "name": "wx_i9dndd4lyi9ph",
                        "hs": "",
                        "sheng": "",
                        "tz": "",
                        "yf": " 蓝色 / S",
                        "title": "",
                        "span": [
                            "06月18日",
                            "有用 0"
                        ],
                        "im1": [
                            "https://s3.mogucdn.com/mlcdn/c45406/190618_4habg2b49h71151cba8e77d9lell7_1080x1440.jpg_100x100.jpg"
                        ],
                        "zj": [
                            "追加评价",
                            "质量不错  大小合适"
                        ],
                        "zjt": [],
                        "p": "[商家回复]:   谢谢小仙女百忙之中抽空出来给我们一个评价哇，很高兴您满意我们家的宝贝，愿风吹起如花般破碎的 流 年，而你的笑容摇晃摇晃，步 伐轻跃跳动，成为我宝途中最美的点缀，表白美美哒小仙女~您的肯定 就是 对我们最大的支持和鼓励，您的建议也时刻指引着我们向更高的标准前进，为了达到你 们的更高 要求，我 们时刻不断的改正自己，不断的完善自己，这也是对我们可爱的小仙女最大的回报。我们时刻 会记得你们 对我们的支持，希望你也记得我在时 刻期待你的再次光临~交易虽然结束，但服务才刚开始 ，虽然我们不 能万分肯定宝贝百分百不出问题，但我们会保证百分百解决问题!我们会用100%的诚心， 100% 的服务换取 您200%的满意，温暖知己在，蓝颜难觅。我一直在这里等你。^-^不断的寻寻觅觅，似 水流年，且行且记 且珍惜，愿每一件美好的宝贝都会有你的身 影，因为这是一生中美好的瞬间，很美 ，我们相遇更美。褪尽 风华，我依然在这里等你。^-^也希望能得到小仙女您的继续关注哦感谢小仙女 百忙之中抽空出来给我们一个评价哇，很高兴您满意我们家的宝贝，愿风吹起如花般破碎的流 年，而你 的笑容摇晃摇晃，步 伐轻跃跳动，成为我宝途中最美的点缀，表白美美哒小仙女~您的肯定就是 对我们 最大的支持和鼓励，您的建议也时刻指引着我们向更高的标准前进，为了达到你 们的更高要求，我 们 时刻不断的改正自己，不断的完善自己，这也是对我们可爱的小仙女最大的回报。我们时刻会记得你们 对我们的支持，希望你也记得我在时 刻期待你的再次光临~交易虽然结束，但服务才刚开始，虽然我们 不 能万分肯定宝贝百分百不出问题，但我们会保证百分百解决问题!我们会用100%的诚心，100% 的服务 换取 您200%的满意，温暖知己在，蓝颜难觅。我一直在这里等你。^-^不断的寻寻觅觅，似水流年，且 行且记 且珍惜，愿每一件美好的宝贝都会有你的身 影，因为这是一生中美好的瞬间，很美，我们相遇 更美。褪尽 风华，我依然在这里等你。^-^也希望能得到小仙女您的继续关注哦"
                    },
                    {
                        "im": "https://s11.mogucdn.com/mlcdn/5abf39/190124_5iklaff38ei3feif6jc1086bhaf84_132x132.jpg_100x100.jpg",
                        "name": "wx_j40mt18d136qg",
                        "hs": "",
                        "sheng": "",
                        "tz": "",
                        "yf": " 蓝色 / S",
                        "title": [
                            "衣服穿着大小很合适，摸着衣服料子很好很柔软，穿着挺舒服的，质量不错，很休闲的一个套装。"
                        ],
                        "span": [
                            "06月18日",
                            "有用 0"
                        ],
                        "im1": [],
                        "zj": [
                            "追加评价",
                            "穿着大小很合适，很好看 很喜欢这个套装。"
                        ],
                        "zjt": [
                            "https://s11.mogucdn.com/mlcdn/c45406/190619_7c9172k5k53bb8ljb944eh8i3bcfh_1080x1468.jpg_100x100.jpg",
                            "https://s3.mogucdn.com/mlcdn/c45406/190619_5j63bh8abfc64j9ae42flgabfafll_1080x1080.jpg_100x100.jpg",
                            "https://s3.mogucdn.com/mlcdn/c45406/190619_2a4ge4jl2kk9gl267cc090ihh90kh_1080x1080.jpg_100x100.jpg"
                        ],
                        "p": "[商家回复]:   谢谢小仙女百忙之中抽空出来给我们一个评价哇，很高兴您满意我们家的宝贝，愿风吹起如花般破碎的 流 年，而你的笑容摇晃摇晃，步 伐轻跃跳动，成为我宝途中最美的点缀，表白美美哒小仙女~您的肯定 就是 对我们最大的支持和鼓励，您的建议也时刻指引着我们向更高的标准前进，为了达到你 们的更高 要求，我 们时刻不断的改正自己，不断的完善自己，这也是对我们可爱的小仙女最大的回报。我们时刻 会记得你们 对我们的支持，希望你也记得我在时 刻期待你的再次光临~交易虽然结束，但服务才刚开始 ，虽然我们不 能万分肯定宝贝百分百不出问题，但我们会保证百分百解决问题!我们会用100%的诚心， 100% 的服务换取 您200%的满意，温暖知己在，蓝颜难觅。我一直在这里等你。^-^不断的寻寻觅觅，似 水流年，且行且记 且珍惜，愿每一件美好的宝贝都会有你的身 影，因为这是一生中美好的瞬间，很美 ，我们相遇更美。褪尽 风华，我依然在这里等你。^-^也希望能得到小仙女您的继续关注哦感谢小仙女 百忙之中抽空出来给我们一个评价哇，很高兴您满意我们家的宝贝，愿风吹起如花般破碎的流 年，而你 的笑容摇晃摇晃，步 伐轻跃跳动，成为我宝途中最美的点缀，表白美美哒小仙女~您的肯定就是 对我们 最大的支持和鼓励，您的建议也时刻指引着我们向更高的标准前进，为了达到你 们的更高要求，我 们 时刻不断的改正自己，不断的完善自己，这也是对我们可爱的小仙女最大的回报。我们时刻会记得你们 对我们的支持，希望你也记得我在时 刻期待你的再次光临~交易虽然结束，但服务才刚开始，虽然我们 不 能万分肯定宝贝百分百不出问题，但我们会保证百分百解决问题!我们会用100%的诚心，100% 的服务 换取 您200%的满意，温暖知己在，蓝颜难觅。我一直在这里等你。^-^不断的寻寻觅觅，似水流年，且 行且记 且珍惜，愿每一件美好的宝贝都会有你的身 影，因为这是一生中美好的瞬间，很美，我们相遇 更美。褪尽 风华，我依然在这里等你。^-^也希望能得到小仙女您的继续关注哦"
                    }
                ],
                "di": {
                    "dz": {
                        "img": "https://s5.mogucdn.com/b7/pic/160317/18eexq_ifqtkyjwgjsgenzvg4zdambqgyyde_320x320.jpg_100x100.webp",
                        "p": "梦幻美伊",
                        "xx": [
                            "1",
                            "1",
                            "1"
                        ]
                    },
                    "xl": {
                        "zxl": [
                            "20.4万",
                            "总销量"
                        ],
                        "sz": [
                            "18599",
                            "收藏数"
                        ],
                        "ms": [
                            "描述相符",
                            "4.68"
                        ],
                        "zl": [
                            "质量满意",
                            "4.69"
                        ]
                    },
                    "tuw": {
                        "title": "拍下即送运费险，购物更保证拍下即送运费险，购物更保证",
                        "title1": "2019新款网红法式赫本学生洋气减龄阔腿裤两件套女神显瘦套装女夏",
                        "cz": "穿着效果",
                        "img": [
                            "https://s3.mogucdn.com/mlcdn/c45406/190604_4l6i73303daeg13g6fa8a03j156b3_800x800.jpg_468x468.webp",
                            "https://s3.mogucdn.com/mlcdn/c45406/190604_43ikcg23jljbcj9f67ad5e9l8idk7_838x828.jpg_468x468.webp",
                            "https://s3.mogucdn.com/mlcdn/c45406/190604_1ibge75b0b1d3hc3igk6jdh29j7h1_838x832.jpg_468x468.webp",
                            "https://s3.mogucdn.com/mlcdn/c45406/190604_7klifh2a3ahb1a6c3hlgh3b84fe8f_838x811.jpg_468x468.webp",
                            "https://s11.mogucdn.com/mlcdn/c45406/190604_2i7hg1l57adibdcl0le6788gfke0e_838x897.jpg_468x468.webp",
                            "https://s11.mogucdn.com/mlcdn/c45406/190604_778hb9gcklg5e5691ek4595afa59c_838x872.jpg_468x468.webp",
                            "https://s3.mogucdn.com/mlcdn/c45406/190604_70d7d0kh4026g21jg022lee11b94a_838x871.jpg_468x468.webp",
                            "https://s5.mogucdn.com/mlcdn/c45406/190604_265j27909d009g4k548111e8kchkd_838x875.jpg_468x468.webp",
                            "https://s3.mogucdn.com/mlcdn/c45406/190604_8fl7gici029afhek9hi61b4h98329_838x894.jpg_468x468.webp",
                            "https://s11.mogucdn.com/mlcdn/c45406/190604_41a45g5cg46fd6e930c17ecck92lh_838x864.jpg_468x468.webp",
                            "https://s11.mogucdn.com/mlcdn/c45406/190604_7c4d6h6chc2ac3ge05k61j8kil8fa_838x928.jpg_468x468.webp",
                            "https://s11.mogucdn.com/mlcdn/c45406/190604_090f5klf7h106dd767kg8675e3e63_838x901.jpg_468x468.webp",
                            "https://s11.mogucdn.com/mlcdn/c45406/190604_090f5klf7h106dd767kg8675e3e63_838x901.jpg_468x468.webp",
                            "https://s11.mogucdn.com/mlcdn/c45406/190604_7d1k04bgif645217jdik4h3keh08l_838x919.jpg_468x468.webp",
                            "https://s11.mogucdn.com/mlcdn/c45406/190604_31c6hcej1j7l1hg1dl1eb0ei88ba6_838x872.jpg_468x468.webp",
                            "https://s3.mogucdn.com/mlcdn/c45406/190604_3h5d1beb3e23g27a6fj1a1052884h_838x856.jpg_468x468.webp",
                            "https://s11.mogucdn.com/mlcdn/c45406/190604_7ka2iebi7i52cg0aab49kg52d517d_838x898.jpg_468x468.webp",
                            "https://s3.mogucdn.com/mlcdn/c45406/190604_7l1dd3e6i7737klkd469f585igl2l_838x870.jpg_468x468.webp",
                            "https://s3.mogucdn.com/mlcdn/c024f5/190417_2d51ljj2a42lddkg49ibag494g3ca_1125x540.png_468x468.webp"
                        ],
                        "shangppc": {
                            "c": [
                                [
                                    "尺码",
                                    "胸围",
                                    "腰围",
                                    "臀围",
                                    "袖长",
                                    "裤长",
                                    "肩宽",
                                    "衣长"
                                ],
                                [
                                    "s",
                                    "84",
                                    "68",
                                    "90",
                                    "34",
                                    "41"
                                ],
                                [
                                    "M",
                                    "88",
                                    "72",
                                    "94",
                                    "16",
                                    "91",
                                    "35",
                                    "42"
                                ],
                                [
                                    "L",
                                    "92",
                                    "76",
                                    "98",
                                    "17",
                                    "92",
                                    "36",
                                    "43"
                                ],
                                [
                                    "XL",
                                    "96",
                                    "80",
                                    "102",
                                    "18",
                                    "93",
                                    "37",
                                    "44"
                                ],
                                [
                                    "厚薄",
                                    "普通"
                                ],
                                [
                                    "颜色",
                                    "黑色,蓝色"
                                ],
                                [
                                    "尺码",
                                    "S,XL,L,M"
                                ],
                                [
                                    "衣长",
                                    "短款 （41-50cm）"
                                ],
                                [
                                    "季节",
                                    "夏季"
                                ],
                                [
                                    "材质",
                                    "棉"
                                ],
                                [
                                    "领型",
                                    "圆领"
                                ],
                                [
                                    "袖长",
                                    "短袖"
                                ],
                                [
                                    "款式",
                                    "衣裤套装"
                                ],
                                [
                                    "风格",
                                    "简约"
                                ]
                            ]
                        },
                        "ren": [
                            {
                                "img": "https://s3.mogucdn.com/mlcdn/c45406/190701_8gggace4lbdbl5i293hfb64gjf29k_640x960.jpg_320x999.webp",
                                "title": "时尚套装女2019夏季流行女装短袖T恤+格子半身裙两件套装裙",
                                "j": "¥89.6"
                            },
                            {
                                "img": "https://s3.mogucdn.com/mlcdn/c45406/190628_3a4gk6ae4hacl2kh92h6b0cjj71bb_640x960.jpg_320x999.webp",
                                "title": "网红洋气时尚套装休闲阔腿裤修身V领短袖T恤夏季新款人气两件套",
                                "j": "¥95.2"
                            },
                            {
                                "img": "https://s3.mogucdn.com/mlcdn/c45406/180621_00e5i2711h0de8lhe4568kkie9d90_640x960.jpg_320x999.webp",
                                "title": "韩版气质百搭ulzzang下摆打结扭花短款露脐修身短袖T恤女",
                                "j": "¥39.9"
                            },
                            {
                                "img": "https://s11.mogucdn.com/mlcdn/c45406/190605_0i7a9lc16b1i80b696c3g276f4bci_640x960.jpg_320x999.webp",
                                "title": "时尚套装女2019夏流行女装洋气高冷御姐风女神百搭裙子两件套",
                                "j": "¥89.6"
                            },
                            {
                                "img": "https://s3.mogucdn.com/mlcdn/c45406/190503_8d5e2iag4j70fdf4lbehi69h0a07b_640x960.jpg_320x999.webp",
                                "title": "时尚套装女气质网红韩版两件套装短袖T恤+很仙维多利亚短裤套装",
                                "j": "¥85.4"
                            },
                            {
                                "img": "https://s11.mogucdn.com/mlcdn/c45406/190604_40kfjfkk6dk13083ck5f9d7g597h9_640x960.jpg_320x999.webp",
                                "title": "显瘦气质连衣裙女2019夏流行女装智熏裙法式桔梗裙中长款裙子",
                                "j": "¥89"
                            },
                            {
                                "img": "https://s11.mogucdn.com/mlcdn/c45406/190608_7390bejd7683l9c02c0k3f53848b5_640x960.jpg_320x999.webp",
                                "title": "时尚套装女2019夏季流行女装露脐T恤+高腰休闲阔腿裤套装潮",
                                "j": "¥79.1"
                            },
                            {
                                "img": "https://s11.mogucdn.com/mlcdn/c45406/180719_58lb3ij7i3dlc7ebf9i4gj48i7k90_640x960.jpg_320x999.webp",
                                "title": "2019夏韩范V领修身褶皱白色短袖T恤上衣女百搭短款洋气小衫",
                                "j": "¥39.9"
                            },
                            {
                                "img": "https://s11.mogucdn.com/mlcdn/c45406/190508_1g2idg2ic0dgi4kc38hj3g8a1k5fc_640x960.jpg_320x999.webp",
                                "title": "气质连衣裙女2019夏季韩版高腰显瘦流行露肩黄色吊带裙子女",
                                "j": "¥85"
                            },
                            {
                                "img": "https://s3.mogucdn.com/mlcdn/c45406/190510_03dei34i3djg01lhg6i50b034j5kk_640x960.jpg_320x999.webp",
                                "title": "夏装新款韩版亮片修身显瘦圆领短袖短款T恤女小心机露脐百搭上衣",
                                "j": "¥35"
                            },
                            {
                                "img": "https://s3.mogucdn.com/mlcdn/c45406/190619_1c0k28d221ebhbbah0f49hl96b5k3_640x960.jpg_320x999.webp",
                                "title": "很仙的法国小众连衣裙山本超仙过膝桔梗吊带裙维多利亚法国复古裙",
                                "j": "¥98"
                            },
                            {
                                "img": "https://s3.mogucdn.com/mlcdn/c45406/190706_01e7aa5ge187ji3k4gh5434524ef8_640x960.jpg_320x999.webp",
                                "title": "时尚套装女2019夏季流行女装御姐工装裤套装酷女孩穿搭两件套",
                                "j": "¥98"
                            }
                        ]
                    }
                }
            }
        },
        {
            "id": "3",
            "data": {
                "img": [
                    "https://s5.mogucdn.com/mlcdn/55cf19/190625_3l00hkcg4k7jdhc25c5f8b99f0cf2_640x960.jpg_640x960.v1cAC.70.webp",
                    "https://s3.mogucdn.com/mlcdn/55cf19/190625_0j7jbjdka5j3f50j779l0bgg0k3ck_640x960.jpg_640x960.v1cAC.70.webp",
                    "https://s11.mogucdn.com/mlcdn/55cf19/190625_36jh787484357jl80l8e9ab4ec1h2_640x960.jpg_640x960.v1cAC.70.webp",
                    "https://s11.mogucdn.com/mlcdn/55cf19/190625_188ikg3ikc5b6gka12k2k4g2l8bjh_640x960.jpg_640x960.v1cAC.70.webp",
                    "https://s11.mogucdn.com/mlcdn/55cf19/190625_3eaej829g16ah8lc71b03edd857ge_640x960.jpg_640x960.v1cAC.70.webp",
                    "https://s11.mogucdn.com/mlcdn/55cf19/190625_089g1i167c8g8ag1eillajcfjc4f1_640x960.jpg_640x960.v1cAC.70.webp"
                ],
                "price": {
                    "j": "109.20",
                    "p": "¥156.00",
                    "qg": "7折",
                    "title": "夏季新款法式小众名媛风郭郭定制国民妖精带盐裙漏背系带连衣裙女",
                    "yf": "免运费",
                    "d": "蘑豆抵2%"
                },
                "t": {
                    "tp": [
                        "72小时发货",
                        "7天无理由退货",
                        "延误必赔"
                    ],
                    "fw": []
                },
                "xz": {
                    "xz0": "请选择：颜色 尺码",
                    "xz1": {
                        "jg": "109.20",
                        "imgs": "https://s5.mogucdn.com/mlcdn/55cf19/190625_3l00hkcg4k7jdhc25c5f8b99f0cf2_640x960.jpg_640x960.v1cAC.70.webp",
                        "k": "库存3495件",
                        "xz": "请选择：颜色 尺码",
                        "yan": [
                            "黑色",
                            "蓝色"
                        ],
                        "cm": [
                            "S",
                            "M",
                            "L",
                            "XL"
                        ]
                    }
                },
                "m": [
                    "暂无评价",
                    "销量 113"
                ],
                "span": [],
                "ck": {},
                "user": [
                    {
                        "im": "https://s5.mogucdn.com/p1/160105/idid_ifrtgyjxmjrwgntfguzdambqhayde_160x160.jpg_100x100.jpg",
                        "name": "Y***7",
                        "hs": "合身 ",
                        "sheng": " 160cm",
                        "tz": " 53kg",
                        "yf": " 绿色 / L",
                        "title": [
                            "这个衣服料子很好，穿着很舒服，是一次满意的购物"
                        ],
                        "span": [
                            "07月15日",
                            "有用 0"
                        ],
                        "im1": [
                            "https://s11.mogucdn.com/mlcdn/c45406/190715_3i9hj98d84977j72j30b8a56365aj_3120x4160.jpg_100x100.jpg"
                        ],
                        "zj": [
                            "追加评价",
                            "满意满意，洗了一次也没有掉色，很好"
                        ],
                        "zjt": [
                            ""
                        ],
                        "p": ""
                    },
                    {
                        "im": "https://s5.mogucdn.com/p1/160105/idid_ifrtgyjxmjrwgntfguzdambqhayde_160x160.jpg_100x100.jpg",
                        "name": "世***l",
                        "hs": "合身 ",
                        "sheng": "",
                        "tz": "",
                        "yf": " 绿色 / M",
                        "title": [
                            "肩膀那里白线都出来了 而且那根带子怎么弄都是扭着的 "
                        ],
                        "span": [
                            "06月23日",
                            "有用 0"
                        ],
                        "im1": [
                            "https://s3.mogucdn.com/mlcdn/c45406/190623_288hg7jci7698bbaf07ijb7kl95e6_1242x1242.jpg_100x100.jpg",
                            "https://s11.mogucdn.com/mlcdn/c45406/190623_3d5h22c5cdjcil738gfae883bh8gd_1242x1656.jpg_100x100.jpg",
                            "https://s3.mogucdn.com/mlcdn/c45406/190623_47929fl90eebb12e3i3a05c354981_1242x1242.jpg_100x100.jpg"
                        ],
                        "zj": [],
                        "zjt": [],
                        "p": ""
                    },
                    {
                        "im": "https://s11.mogucdn.com/b7/avatar/161229/1b42au_ifrtcntehe3dgmbsmqzdambqhayde_1080x1343.jpg_100x100.jpg",
                        "name": "w***1",
                        "hs": "合身 ",
                        "sheng": " 158cm",
                        "tz": " 46kg",
                        "yf": " 绿色 / M",
                        "title": [
                            "衣服收到了，合适，颜色和图片一样"
                        ],
                        "span": [
                            "05月31日",
                            "有用 0"
                        ],
                        "im1": [
                            "https://s3.mogucdn.com/mlcdn/c45406/190531_6a37a8hc8hh49b90cji3a8gi36221_1080x1080.jpg_100x100.jpg"
                        ],
                        "zj": [
                            "追加评价",
                            "满意"
                        ],
                        "zjt": [
                            "https://s11.mogucdn.com/mlcdn/c45406/190531_396kbei6lf9bg7bi5efcb28igkl4a_1080x1080.jpg_100x100.jpg"
                        ],
                        "p": ""
                    },
                    {
                        "im": "https://s11.mogucdn.com/mlcdn/5abf39/171015_2ilk115g0jea8clg722g6gil17ebf_640x640.jpg_100x100.jpg",
                        "name": "A甜儿2009",
                        "hs": "",
                        "sheng": "",
                        "tz": "",
                        "yf": " 黑色 / XXL",
                        "title": [
                            "买的已经是第二件了，穿上特别舒服，以后还会在来"
                        ],
                        "span": [
                            "07月15日",
                            "有用 0"
                        ],
                        "im1": [
                            "https://s3.mogucdn.com/mlcdn/c45406/190715_11d98b0f5914h37feg679ffjg117i_750x1000.jpg_100x100.jpg"
                        ],
                        "zj": [],
                        "zjt": [],
                        "p": "商家回复：谢谢亲亲的支持，小店会再接再厉，出更多好看质量又好的精品给亲亲，期待亲亲的下次光临~么么哒~"
                    },
                    {
                        "im": "https://s11.mogucdn.com/mlcdn/5abf39/180325_45b46gg9l0538bg1i8j74ah686e7b_132x132.jpg_100x100.jpg",
                        "name": "wx_qy2gkt05anbnk",
                        "hs": "",
                        "sheng": "",
                        "tz": "",
                        "yf": " 绿色 / L",
                        "title": [
                            "和照片上的根本就不是一个颜色太有差距了。建议大家不要再买。"
                        ],
                        "span": [
                            "07月10日",
                            "有用 0"
                        ],
                        "im1": [
                            "https://s11.mogucdn.com/mlcdn/c45406/190710_2ehde8i48c9h8di19f5bf3gf56110_1080x1440.jpg_100x100.jpg"
                        ],
                        "zj": [
                            "追加评价",
                            "真的是太假了，跟照片上的颜色根本就不同，差距很大。不会再来了"
                        ],
                        "zjt": [
                            "https://s11.mogucdn.com/mlcdn/c45406/190710_01f147kj405e18aj61lgl0760hc3i_1080x810.jpg_100x100.jpg"
                        ],
                        "p": ""
                    }
                ],
                "di": {
                    "dz": {
                        "img": "https://s11.mogucdn.com/p2/161030/upload_3hj6b0j724a9da39j2fia69g2f45f_300x300.png_100x100.webp",
                        "p": "名媛新款",
                        "xx": [
                            "1",
                            "1",
                            "1"
                        ]
                    },
                    "xl": {
                        "zxl": [
                            "94794",
                            "总销量"
                        ],
                        "sz": [
                            "28086",
                            "收藏数"
                        ],
                        "ms": [
                            "描述相符",
                            "4.59"
                        ],
                        "zl": [
                            "质量满意",
                            "4.58"
                        ]
                    },
                    "tuw": {
                        "title": "GGhouse郭郭定制月号:国民妖精带盐裙",
                        "title1": "",
                        "cz": "穿着效果",
                        "img": [
                            "https://s3.mogucdn.com/mlcdn/c45406/190625_367jbgh4il878hkded9l0gbbbk0fg_640x960.jpg_468x468.webp",
                            "https://s3.mogucdn.com/mlcdn/c45406/190625_2fekb2b1akd1j10e9k1872ih1253g_750x1144.jpg_468x468.webp",
                            "https://s11.mogucdn.com/mlcdn/c45406/190625_66akj69g82e5jb07da19h5dhjh63b_750x1902.jpg_468x468.webp",
                            "https://s3.mogucdn.com/mlcdn/c45406/190625_2lj3flbl4kdb60lkd2b6b6f4ic62j_750x771.jpg_468x468.webp",
                            "https://s3.mogucdn.com/mlcdn/c45406/190625_0gaa4i0472j49l9fhf4gi54l7li32_750x1934.jpg_468x468.webp",
                            "https://s5.mogucdn.com/mlcdn/c45406/190625_2bja8jdaf23k60ilg6l00lckaca47_750x980.jpg_468x468.webp",
                            "https://s3.mogucdn.com/mlcdn/c45406/190625_77ieak4k0db01jia68bhk6bhi5876_750x1925.jpg_468x468.webp",
                            "https://s5.mogucdn.com/mlcdn/c45406/190625_4ll6918g102aj1ja160642kkdgc87_750x1925.jpg_468x468.webp",
                            "https://s11.mogucdn.com/mlcdn/c45406/190625_38c4ekdgc3lk18cbf1kd2a4h0l6b7_640x960.jpg_468x468.webp",
                            "https://s11.mogucdn.com/mlcdn/c45406/190625_6b8fk8731gcjd9514kc7ai36cc4k2_750x1355.jpg_468x468.webp",
                            "https://s11.mogucdn.com/mlcdn/c45406/190625_284fjc58gi770ekdf82j1j0d7jgbc_640x960.jpg_468x468.webp",
                            "https://s11.mogucdn.com/mlcdn/c45406/190625_6hkd89ffl85l516b70h47c421hgdf_640x960.jpg_468x468.webp",
                            "https://s11.mogucdn.com/mlcdn/c45406/190625_1k2f2ik8kb02el03l2e12i572g27g_750x1189.jpg_468x468.webp",
                            "https://s3.mogucdn.com/mlcdn/c45406/190625_8c6ljdc084i5756bf93850i52059i_750x778.jpg_468x468.webp",
                            "https://s3.mogucdn.com/mlcdn/c45406/190625_0dkcc6a5jll96l41j9eiaf861ghik_750x770.jpg_468x468.webp",
                            "https://s11.mogucdn.com/mlcdn/c45406/190625_5j09kci3lbe33hkh07j134h8eik5d_750x819.jpg_468x468.webp",
                            "https://s3.mogucdn.com/mlcdn/c45406/190625_2c6856h5ifj23d333klg8efl93ji0_750x709.jpg_468x468.webp",
                            "https://s11.mogucdn.com/mlcdn/c45406/190625_5bh353931g53leijdbbhkj9l4l3f9_640x960.jpg_468x468.webp",
                            "https://s3.mogucdn.com/mlcdn/c45406/190625_02c2ic7hkbjl9e22dk677ki7k1g0g_750x911.jpg_468x468.webp",
                            "https://s11.mogucdn.com/mlcdn/c45406/190625_7f10a14hge1hd052a2cbggb6l52ai_640x960.jpg_468x468.webp",
                            "https://s3.mogucdn.com/mlcdn/c45406/190625_26lf2da0ib1e0kgcc9dge83hf4ijf_640x960.jpg_468x468.webp",
                            "https://s3.mogucdn.com/mlcdn/c45406/190625_66600h4ibif5kd02cl0dd1jg6b74f_750x1921.jpg_468x468.webp",
                            "https://s11.mogucdn.com/mlcdn/c45406/190625_7g9ec706k6kieg0i6cl65h9lf83j6_750x1786.jpg_468x468.webp",
                            "https://s11.mogucdn.com/mlcdn/c45406/190625_299dhdgl625j96el1kaefgfj71c09_750x1921.jpg_468x468.webp",
                            "https://s11.mogucdn.com/mlcdn/c45406/190625_15087cb979bce53a4aac5853b5eie_750x1934.jpg_468x468.webp",
                            "https://s3.mogucdn.com/mlcdn/c45406/190625_0fl8l5idi6l7k3kf050l4jdj4f3lh_750x1176.jpg_468x468.webp",
                            "https://s3.mogucdn.com/mlcdn/c024f5/190417_2d51ljj2a42lddkg49ibag494g3ca_1125x540.png_468x468.webp"
                        ],
                        "shangppc": {
                            "c": [
                                [
                                    "尺码",
                                    "裙长",
                                    "腰围",
                                    "臀围",
                                    "袖长"
                                ],
                                [
                                    "s",
                                    "108",
                                    "68",
                                    "84",
                                    "21"
                                ],
                                [
                                    "M",
                                    "110",
                                    "72",
                                    "88",
                                    "22"
                                ],
                                [
                                    "L",
                                    "112",
                                    "76",
                                    "92",
                                    "23"
                                ],
                                [
                                    "图案",
                                    "纯色"
                                ],
                                [
                                    "群型",
                                    "A字群"
                                ],
                                [
                                    "颜色",
                                    "绿色,红色"
                                ],
                                [
                                    "袖型",
                                    "泡泡袖"
                                ],
                                [
                                    "衣门襟",
                                    "其他"
                                ],
                                [
                                    "摆型",
                                    "常规"
                                ],
                                [
                                    "腰型",
                                    "高腰"
                                ],
                                [
                                    "尺码",
                                    "S,L,M"
                                ],
                                [
                                    "版型",
                                    "收腰"
                                ],
                                [
                                    "季节",
                                    "夏季"
                                ],
                                [
                                    "材质",
                                    "棉"
                                ],
                                [
                                    "组合形式",
                                    "单件"
                                ],
                                [
                                    "领型",
                                    "方领"
                                ],
                                [
                                    "群长",
                                    "中长款 （106-125cm）"
                                ],
                                [
                                    "袖长",
                                    "短袖"
                                ],
                                [
                                    "风格",
                                    "名媛"
                                ],
                                [
                                    "潮流",
                                    "韩系"
                                ]
                            ]
                        },
                        "ren": [
                            {
                                "img": "https://s11.mogucdn.com/mlcdn/55cf19/190618_0ci985a8lk03e14hd9a16jbeakh48_640x960.jpg_320x999.webp",
                                "title": "牛油果绿连衣裙2019新款夏流行收腰仙女大码小清新雪纺长裙",
                                "j": "¥94.5"
                            },
                            {
                                "img": "https://s11.mogucdn.com/mlcdn/55cf19/190423_31ej6i6fa7lh82a92fcdhahhg10b0_640x960.jpg_320x999.webp",
                                "title": "法式优雅大波点连衣裙女夏季新款V领气质显瘦少女雪纺露背长裙",
                                "j": "¥115.5"
                            },
                            {
                                "img": "https://s3.mogucdn.com/mlcdn/55cf19/190325_278l97j70087lj141igk9bhb1l98e_640x960.jpg_320x999.webp",
                                "title": "2019夏季新款网红法式赫本御姐初春洋气气质仙女法国小众收腰显瘦V领雪纺波点大摆裙连衣裙女",
                                "j": "¥109.2"
                            },
                            {
                                "img": "https://s3.mogucdn.com/mlcdn/c45406/190510_61ck21b709f61cbbk64a8i753g31e_640x960.jpg_320x999.webp",
                                "title": "夏季新款百搭气质修身显瘦高腰连衣裙义v领裙子小个子显高短裙潮",
                                "j": "¥89.6"
                            },
                            {
                                "img": "https://s3.mogucdn.com/mlcdn/55cf19/190427_0daegll3e4l023b3ejdc8id8b246a_640x960.jpg_320x999.webp",
                                "title": " 夏季新款小个子法式小黑裙赫本黑色漏背性感度假蝴蝶结显瘦连衣裙",
                                "j": "¥109.2"
                            },
                            {
                                "img": "https://s3.mogucdn.com/mlcdn/55cf19/190326_7c3ej6laede827d636ad1j6c9990c_640x960.jpg_320x999.webp",
                                "title": "小个子网红法国小众连衣裙2019春夏新款很仙的女装名媛气质收腰显瘦波点流行裙子短裙夏装",
                                "j": "¥79.1"
                            },
                            {
                                "img": "https://s3.mogucdn.com/mlcdn/c45406/190224_12blh3egj9j9j1je7ji6g4eia4kfb_640x960.jpg_320x999.webp",
                                "title": "2019春上新初春网红御姐俏皮法国小众洋气质百搭复古波点衬衫配头巾+A字针织百褶半身裙套装",
                                "j": "¥75.6"
                            },
                            {
                                "img": "https://s3.mogucdn.com/mlcdn/55cf19/180627_68d0c09dh72aljl95a4eck8f7j93h_640x960.jpg_320x999.webp",
                                "title": "2018夏季新款时尚性感名媛气质网红同款美美的约会网纱拼接显锁骨礼服连衣裙小黑裙女",
                                "j": "¥98"
                            },
                            {
                                "img": "https://s11.mogucdn.com/mlcdn/55cf19/190626_6hc8fah183g7e188c1871b2a41998_640x960.jpg_320x999.webp",
                                "title": "夏季交叉露脐圆领短袖T恤+高腰a字中长半身裙显瘦两件时尚套装",
                                "j": " ¥126"
                            },
                            {
                                "img": "https://s3.mogucdn.com/mlcdn/55cf19/190413_0c7hc46i9lbal4d53f5hg93ka2d71_640x960.jpg_320x999.webp",
                                "title": "夏季新品网红性感露背V领亮片网纱镂空吊带礼服连衣裙度假长裙女",
                                "j": "¥123.9"
                            },
                            {
                                "img": "https://s3.mogucdn.com/mlcdn/55cf19/181227_1il8e87fkkbdf10kic5fc0876e04h_640x960.jpg_320x999.webp",
                                "title": "早春新款名媛法式宫廷维多利亚复古长裙小个子裙子波点打底衫配吊带连衣裙时尚两件套装秋冬女",
                                "j": "¥126"
                            },
                            {
                                "img": "https://s3.mogucdn.com/mlcdn/55cf19/190429_4l9l3c81487jfl40ch8b14f802j12_640x960.jpg_320x999.webp",
                                "title": "夏季新款小个子小众法式网纱黑珠片半身长裙黑色绑带T恤时尚套装",
                                "j": "¥79.8"
                            }
                        ]
                    }
                }
            }
        },
        {
            "id": "2",
            "data": {
                "img": [
                    "https://s11.mogucdn.com/mlcdn/c45406/190227_1c1e3gcga87je63gkj4kh54fb2d34_640x960.jpg_640x960.v1cAC.70.webp",
                    "https://s11.mogucdn.com/mlcdn/c45406/190227_1ai9hl4f09i5c5iafb6h3dikf7hfk_640x960.jpg_640x960.v1cAC.70.webp",
                    "https://s5.mogucdn.com/mlcdn/c45406/190227_5edf6c58195dh8hlfac14khkj5d22_640x960.jpg_640x960.v1cAC.70.webp"
                ],
                "price": {
                    "j": "49.90",
                    "p": "¥71.29",
                    "qg": "7折",
                    "title": "韩版长袖V领蕾丝白色长袖衬衫女装宽松春秋季内搭显瘦套头打底衫",
                    "yf": "免运费",
                    "d": "广东广州"
                },
                "t": {
                    "tp": [
                        "72小时发货",
                        "7天无理由退货",
                        "延误必赔"
                    ],
                    "fw": []
                },
                "xz": {
                    "xz0": "请选择：颜色 尺码",
                    "xz1": {
                        "jg": "49.90",
                        "imgs": "https://s11.mogucdn.com/mlcdn/c45406/190227_1c1e3gcga87je63gkj4kh54fb2d34_640x960.jpg_640x960.v1cAC.70.webp",
                        "k": "库存1993件",
                        "xz": "请选择：颜色 尺码",
                        "yan": [
                            "白色"
                        ],
                        "cm": [
                            "S",
                            "M",
                            "L",
                            "XL"
                        ]
                    }
                },
                "m": [
                    "买家评价 72",
                    "销量 26"
                ],
                "span": [
                    "有图片 (33)",
                    "款式好 (26)",
                    "质量很好 (21)",
                    "料子不错 (19)",
                    "尺寸无偏差 (12)",
                    "性比价高 (8)"
                ],
                "ck": {
                    "zh": "4.47",
                    "ms": "",
                    "sp": ""
                },
                "user": [
                    {
                        "im": "https://s5.mogucdn.com/p1/160105/idid_ifrwem3ggvswgntfguzdambqhayde_160x160.jpg_100x100.jpg",
                        "name": "街***耪",
                        "hs": "",
                        "sheng": "",
                        "tz": "",
                        "yf": " 白色 / L",
                        "title": [
                            "衣服质量非常好，与卖家描述的完全一致，没有色差，非常满意,真的很喜欢，完全超出期望值，价格也不贵，喜欢的宝宝们可以试试哦！"
                        ],
                        "span": [
                            "03月31日",
                            "有用 0"
                        ],
                        "im1": [
                            "https://s11.mogucdn.com/mlcdn/c45406/190331_1g71fb8b0aglefeg3b5hkkk2l681a_300x400.jpg_100x100.jpg",
                            "https://s3.mogucdn.com/mlcdn/c45406/190331_6h0l8bkbi8i89lkideh58g3eb6i09_300x400.jpg_100x100.jpg"
                        ],
                        "zj": [
                            "追加评价",
                            "挺好看,同事也要买。"
                        ],
                        "zjt": [
                            "https://s3.mogucdn.com/mlcdn/c45406/190330_0eglc907c96j5jj7l2fcdaal6l4cf_1080x1440.jpg_100x100.jpg"
                        ],
                        "p": ""
                    },
                    {
                        "im": "https://s5.mogucdn.com/mlcdn/5abf39/180905_829h69f9lbg49fj1b317l00fi844g_132x132.jpg_100x100.jpg",
                        "name": "wx_tkk5q3vu9ajqf",
                        "hs": "合身 ",
                        "sheng": " 165cm",
                        "tz": " 52kg",
                        "yf": " 白色 / L",
                        "title": [
                            "衣服收到了 很漂亮 很仙 衣服和图片一致 可以放心大胆的买 衣服质量很好 刚拿到手里 朋友看了以后都说不错 以后还会光顾"
                        ],
                        "span": [
                            "03月31日",
                            "有用 0"
                        ],
                        "im1": [],
                        "zj": [],
                        "zjt": [],
                        "p": ""
                    },
                    {
                        "im": "https://s11.mogucdn.com/mlcdn/5abf39/180506_5a3eg00j9e1f2jk58j06bldaki1ck_400x400.jpg_100x100.jpg",
                        "name": "南风知我意0918",
                        "hs": "合身 ",
                        "sheng": "157cm",
                        "tz": "43kg",
                        "yf": "白色 / S",
                        "title": [
                            "衣服收到了，真的很喜欢，",
                            "上身效果不错，面料也舒服",
                            "下次还会回来回购的！"
                        ],
                        "span": [
                            "04月27日",
                            "有用 0"
                        ],
                        "im1": [
                            "https://s3.mogucdn.com/mlcdn/c45406/190427_419j4bg3b96f81k67bk1e2j0k3a14_1080x1440.jpg_100x100.jpg"
                        ],
                        "zj": [],
                        "zjt": [],
                        "p": ""
                    },
                    {
                        "im": "https://s11.mogucdn.com/mlcdn/5abf39/180607_5g2ha9c04j7dkj1f6f5i6a0bgj5g4_132x132.jpg_100x100.jpg",
                        "name": "倪荏活成千金别当丫头",
                        "hs": "合身 ",
                        "sheng": "",
                        "tz": "",
                        "yf": "白色 / XL",
                        "title": [
                            "衣服好美    好喜欢    良心商家"
                        ],
                        "span": [
                            "03月31日",
                            "有用 0"
                        ],
                        "im1": [],
                        "zj": [],
                        "zjt": [],
                        "p": ""
                    },
                    {
                        "im": "https://s11.mogucdn.com/mlcdn/5abf39/170517_3jilb5g2f99980d31a45ib2c9bb61_640x640.jpg_100x100.jpg",
                        "name": "单曲循环1234501",
                        "hs": "合身 ",
                        "sheng": "165cm",
                        "tz": "45kg",
                        "yf": "白色 / M",
                        "title": [
                            "好漂亮(｡･ω･｡)ﾉ♡"
                        ],
                        "span": [
                            "04月10日",
                            "有用 0"
                        ],
                        "im1": [],
                        "zj": [],
                        "zjt": [],
                        "p": ""
                    }
                ],
                "di": {
                    "dz": {
                        "img": "https://s11.mogucdn.com/mlcdn/c45406/170904_3bk40d68d6i4h5866kl62il8ll648_200x200.jpg_100x100.webp",
                        "p": "月光之城",
                        "xx": [
                            "1",
                            "1",
                            "1"
                        ]
                    },
                    "xl": {
                        "zxl": [
                            "10.1万",
                            "总销量"
                        ],
                        "sz": [
                            "11947",
                            "收藏数"
                        ],
                        "ms": [
                            "描述相符",
                            "4.66"
                        ],
                        "zl": [
                            "质量满意",
                            "4.66"
                        ]
                    },
                    "tuw": {
                        "title": "新款韩版百搭V领蕾丝白色长袖衬衫上衣女装chic宽松显瘦套头衬衣",
                        "title1": "",
                        "cz": "穿着效果",
                        "img": [
                            "https://s11.mogucdn.com/mlcdn/c45406/190227_55khc6df1ggg92j4f0j9e2774fkle_750x813.jpg_468x468.webp",
                            "https://s3.mogucdn.com/mlcdn/c45406/190227_7hfgkak6f983ec9bc27jij5iecia5_750x452.jpg_468x468.webp",
                            "https://s11.mogucdn.com/mlcdn/c45406/190227_4i8bk380if7cdggfceaak8lleg2i9_648x367.jpg_468x468.webp",
                            "https://s5.mogucdn.com/mlcdn/c45406/190326_11b9i96kfjfe40akbhc5h5e5535j7_730x337.jpg_468x468.webp",
                            "https://s3.mogucdn.com/mlcdn/c45406/190227_4f6b7feei3fd2k52684ak7c076883_750x786.jpg_468x468.webp",
                            "https://s3.mogucdn.com/mlcdn/c45406/190227_4jdd55413978j9f6jhfai617klj2h_750x817.jpg_468x468.webp",
                            "https://s11.mogucdn.com/mlcdn/c45406/190227_3e29jaaf0d5g2k208bef9e744247d_750x879.jpg_468x468.webp",
                            "https://s11.mogucdn.com/mlcdn/c45406/190227_26cfj542kb5le8ddj8i5ck1fb6i70_750x817.jpg_468x468.webp",
                            "https://s3.mogucdn.com/mlcdn/c45406/190227_1473g7bf40jigbci5cddb06861db6_750x817.jpg_468x468.webp",
                            "https://s3.mogucdn.com/mlcdn/c45406/190227_549k8aa182dedg91081a7h1h9d13k_750x819.jpg_468x468.webp",
                            "https://s11.mogucdn.com/mlcdn/c45406/190227_5lfhgel2i0di9c8edhe43dcdgcgja_750x717.jpg_468x468.webp",
                            "https://s3.mogucdn.com/mlcdn/c45406/190227_85h238jcgblik2c667ili7k3809bd_750x815.jpg_468x468.webp",
                            "https://s3.mogucdn.com/mlcdn/c45406/190227_86ki374flcfkf4fdk5b2lk1eaed32_750x817.jpg_468x468.webp",
                            "https://s3.mogucdn.com/mlcdn/c45406/190227_73ckcab2akkjf9hhc1l50cf0h4hgh_750x836.jpg_468x468.webp",
                            "https://s11.mogucdn.com/mlcdn/c45406/190227_2fgla790814hd84k2f6b61l950klf_750x817.jpg_468x468.webp",
                            "https://s11.mogucdn.com/mlcdn/c45406/190227_64b903fk13b414278j8bgak4j65fc_750x879.jpg_468x468.webp",
                            "https://s3.mogucdn.com/mlcdn/c45406/190227_3b0icalilke2h1i1cfbglig695kee_750x817.jpg_468x468.webp",
                            "https://s11.mogucdn.com/mlcdn/c45406/190227_2fcc87hkf6fghc9e7i32blfh11d5l_750x817.jpg_468x468.webp",
                            "https://s11.mogucdn.com/mlcdn/c45406/190227_2a159hke6k1kf5ckidkb7df8h490k_750x819.jpg_468x468.webp",
                            "https://s3.mogucdn.com/mlcdn/c45406/190227_06447b9bilf7c476k080i1k186kd3_750x717.jpg_468x468.webp",
                            "https://s10.mogucdn.com/p2/170306/117603130_3d8589jcfd14l0985l9bkgbhh1h59_100x100.gif",
                            "https://s10.mogucdn.com/p2/170306/117603130_3d8589jcfd14l0985l9bkgbhh1h59_100x100.gif",
                            "https://s10.mogucdn.com/p2/170306/117603130_3d8589jcfd14l0985l9bkgbhh1h59_100x100.gif",
                            "https://s10.mogucdn.com/p2/170306/117603130_3d8589jcfd14l0985l9bkgbhh1h59_100x100.gif"
                        ],
                        "shangppc": {
                            "c": [
                                [
                                    "尺码",
                                    "衣长(前)",
                                    "肩宽",
                                    "胸围",
                                    "袖长",
                                    "腰围"
                                ],
                                [
                                    "s",
                                    "60",
                                    "35",
                                    "79",
                                    "54.5",
                                    "-"
                                ],
                                [
                                    "M",
                                    "61",
                                    "36",
                                    "82",
                                    "55",
                                    "-"
                                ],
                                [
                                    "L",
                                    "62",
                                    "39",
                                    "86",
                                    "55",
                                    "-"
                                ],
                                [
                                    "XL",
                                    "62",
                                    "39.5",
                                    "90",
                                    "55.5",
                                    "-"
                                ],
                                [
                                    "图案",
                                    "纯色"
                                ],
                                [
                                    "颜色",
                                    "白色"
                                ],
                                [
                                    "袖型",
                                    "常规袖"
                                ],
                                [
                                    "上衣厚度",
                                    "适中"
                                ],
                                [
                                    "衣门襟",
                                    "单排扣"
                                ],
                                [
                                    "穿着方式",
                                    "套头"
                                ],
                                [
                                    "尺码",
                                    "S,XL,L,M"
                                ],
                                [
                                    "衣长",
                                    "常规款 (51-65cm)"
                                ],
                                [
                                    "版型",
                                    "宽松"
                                ],
                                [
                                    "季节",
                                    "春秋"
                                ],
                                [
                                    "材质",
                                    "其他"
                                ],
                                [
                                    "领型",
                                    "V领"
                                ],
                                [
                                    "元素",
                                    "罗纹"
                                ],
                                [
                                    "袖长",
                                    "长袖"
                                ],
                                [
                                    "风格",
                                    "小清新"
                                ],
                                [
                                    "潮流",
                                    "韩系"
                                ]
                            ]
                        },
                        "ren": [
                            {
                                "img": "https://s3.mogucdn.com/mlcdn/55cf19/190401_8d9726f29847ea4klee7fe5ba3c75_640x960.jpg_320x999.webp",
                                "title": "夏装V领花边泡泡袖白色蕾丝衬衫短袖女韩版百搭超仙上衣小衫",
                                "j": "¥49"
                            },
                            {
                                "img": "https://s3.mogucdn.com/mlcdn/55cf19/190406_3e69f63h65kk9b2060dh8j0hj3dk4_640x960.jpg_320x999.webp",
                                "title": "时尚蕾丝短袖雪纺衫春夏装韩版女士气质百搭白色打底衫上衣服潮",
                                "j": "¥57"
                            },
                            {
                                "img": "https://s3.mogucdn.com/mlcdn/c45406/190721_822ba8k156j1289lalg0i59ili2d1_800x960.jpg_320x999.webp",
                                "title": "外搭夏季百搭针织开衫女薄款长袖修身气质短款空调衫小个子外套女",
                                "j": "¥58"
                            },
                            {
                                "img": "https://s3.mogucdn.com/mlcdn/c45406/190426_0h290ahlh3k5el4l8ahi0g0fdcg13_640x960.jpg_320x999.webp",
                                "title": "蕾丝小披肩外套夏季短款外搭薄款开衫短袖防晒衣女百搭小坎肩",
                                "j": "¥46"
                            },
                            {
                                "img": "https://s11.mogucdn.com/mlcdn/c45406/190614_8fkadf3daldffdedd4ke7587i2i3a_750x960.jpg_320x999.webp",
                                "title": "蕾丝小披肩外套夏季短款外搭薄款开衫短袖防晒衣女百搭小坎肩",
                                "j": "¥46"
                            },
                            {
                                "img": "https://s11.mogucdn.com/mlcdn/c45406/190620_8ae950biia735l4bee2iik7g481cl_640x960.jpg_320x999.webp",
                                "title": "小披肩女披风夏季百搭针织镂空外搭上衣薄短款沙滩防晒开衫小外套",
                                "j": "¥59.9"
                            },
                            {
                                "img": "https://s3.mogucdn.com/mlcdn/c45406/180401_6khfh6dh85ja4fj586f1hh6ib4clk_640x960.jpg_320x999.webp",
                                "title": "韩版小清新系带蝴蝶结喇叭袖碎花套头v领雪纺衫荷叶边上衣夏季女",
                                "j": "¥49.9"
                            },
                            {
                                "img": "https://s11.mogucdn.com/mlcdn/c45406/190608_5193afh9gc36g5l55d38a5hk470cf_640x960.jpg_320x999.webp",
                                "title": "蕾丝小披肩外套夏季短款外搭薄款短袖防晒衣女百搭小坎肩罩衫",
                                "j": "¥49"
                            },
                            {
                                "img": "https://s11.mogucdn.com/mlcdn/55cf19/190703_8a76jghfck4j3c44l1gg1712g5j0b_640x960.jpg_320x999.webp",
                                "title": "雪纺衬衫女夏短袖新款韩版宽松喇叭袖白色洋气飘带七分袖上衣",
                                "j": "¥59.9"
                            },
                            {
                                "img": "https://s11.mogucdn.com/mlcdn/c45406/190614_03dfb8l89kgg437g37ja785i1ki48_640x960.jpg_320x999.webp",
                                "title": "小披肩女披风夏季百搭针织镂空外搭上衣薄短款沙滩防晒开衫小外套",
                                "j": "¥55"
                            },
                            {
                                "img": "https://s3.mogucdn.com/mlcdn/c45406/190703_5680654ela9d4i46eka8a0bj2febg_640x960.jpg_320x999.webp",
                                "title": "夏季新款韩版时尚钩花蕾丝拼接V领雪纺衫女短袖上衣宽松打底衫潮",
                                "j": "¥49"
                            },
                            {
                                "img": "https://s3.mogucdn.com/mlcdn/55cf19/190602_4g6j2cg099gca8iea2hjle7gc7a6l_640x960.jpg_320x999.webp",
                                "title": "夏季新款韩版宽松纯色刺绣防晒衣女短款薄款外套bf棒球服学生",
                                "j": "¥69.9"
                            }
                        ]
                    }
                }
            }
        },
        {
            "id": "1",
            "data": {
                "img": [
                    "https://s3.mogucdn.com/mlcdn/c45406/190505_173blk33d8gdl26f0jcbaedj4klc4_640x960.jpg_640x960.v1cAC.70.webp",
                    "https://s11.mogucdn.com/mlcdn/55cf19/190502_4d5f42e7k4gj40d16dc3d803lf7bb_640x960.jpg_640x960.v1cAC.70.webp",
                    "https://s11.mogucdn.com/mlcdn/c45406/190505_2jk285aaa0hd37l1k5c854b572igl_640x960.jpg_640x960.v1cAC.70.webp"
                ],
                "price": {
                    "j": "26.90",
                    "p": "¥38.43",
                    "qg": "7折",
                    "title": "夏季韩版宽松字母绣花短袖T恤女网红ins露肩上衣港风打底衫潮",
                    "yf": "免运费",
                    "d": ""
                },
                "t": {
                    "tp": [
                        "72小时发货",
                        "7天无理由退货",
                        "延误必赔"
                    ],
                    "fw": []
                },
                "xz": {
                    "xz0": "请选择：颜色 尺码",
                    "xz1": {
                        "jg": "26.90",
                        "imgs": "https://s3.mogucdn.com/mlcdn/c45406/190505_173blk33d8gdl26f0jcbaedj4klc4_640x960.jpg_640x960.v1cAC.70.webp",
                        "k": "库存11379件",
                        "xz": "请选择：颜色 尺码",
                        "yan": [
                            "黑色",
                            "绿色",
                            "橙色"
                        ],
                        "cm": [
                            "M",
                            "L",
                            "XL",
                            "XXL"
                        ]
                    }
                },
                "m": [
                    "买家评价 40",
                    "销量 694"
                ],
                "span": [
                    "有图片 (12)",
                    "料子不错 (8)",
                    "颜色正 (5)"
                ],
                "ck": {
                    "zh": "4.11",
                    "ms": "",
                    "sp": ""
                },
                "user": [
                    {
                        "im": "https://s5.mogucdn.com/p1/160105/idid_ifrtgyjxmjrwgntfguzdambqhayde_160x160.jpg_100x100.jpg",
                        "name": "Y***7",
                        "hs": "合身 ",
                        "sheng": " 160cm",
                        "tz": " 53kg",
                        "yf": " 绿色 / L",
                        "title": [
                            "这个衣服料子很好，穿着很舒服，是一次满意的购物"
                        ],
                        "span": [
                            "07月15日",
                            "有用 0"
                        ],
                        "im1": [
                            "https://s11.mogucdn.com/mlcdn/c45406/190715_3i9hj98d84977j72j30b8a56365aj_3120x4160.jpg_100x100.jpg"
                        ],
                        "zj": [
                            "追加评价",
                            "满意满意，洗了一次也没有掉色，很好"
                        ],
                        "zjt": [
                            ""
                        ],
                        "p": ""
                    },
                    {
                        "im": "https://s5.mogucdn.com/p1/160105/idid_ifrtgyjxmjrwgntfguzdambqhayde_160x160.jpg_100x100.jpg",
                        "name": "世***l",
                        "hs": "合身 ",
                        "sheng": "",
                        "tz": "",
                        "yf": " 绿色 / M",
                        "title": [
                            "肩膀那里白线都出来了 而且那根带子怎么弄都是扭着的 "
                        ],
                        "span": [
                            "06月23日",
                            "有用 0"
                        ],
                        "im1": [
                            "https://s3.mogucdn.com/mlcdn/c45406/190623_288hg7jci7698bbaf07ijb7kl95e6_1242x1242.jpg_100x100.jpg",
                            "https://s11.mogucdn.com/mlcdn/c45406/190623_3d5h22c5cdjcil738gfae883bh8gd_1242x1656.jpg_100x100.jpg",
                            "https://s3.mogucdn.com/mlcdn/c45406/190623_47929fl90eebb12e3i3a05c354981_1242x1242.jpg_100x100.jpg"
                        ],
                        "zj": [],
                        "zjt": [],
                        "p": ""
                    },
                    {
                        "im": "https://s11.mogucdn.com/b7/avatar/161229/1b42au_ifrtcntehe3dgmbsmqzdambqhayde_1080x1343.jpg_100x100.jpg",
                        "name": "w***1",
                        "hs": "合身 ",
                        "sheng": " 158cm",
                        "tz": " 46kg",
                        "yf": " 绿色 / M",
                        "title": [
                            "衣服收到了，合适，颜色和图片一样"
                        ],
                        "span": [
                            "05月31日",
                            "有用 0"
                        ],
                        "im1": [
                            "https://s3.mogucdn.com/mlcdn/c45406/190531_6a37a8hc8hh49b90cji3a8gi36221_1080x1080.jpg_100x100.jpg"
                        ],
                        "zj": [
                            "追加评价",
                            "满意"
                        ],
                        "zjt": [
                            "https://s11.mogucdn.com/mlcdn/c45406/190531_396kbei6lf9bg7bi5efcb28igkl4a_1080x1080.jpg_100x100.jpg"
                        ],
                        "p": ""
                    },
                    {
                        "im": "https://s11.mogucdn.com/mlcdn/5abf39/171015_2ilk115g0jea8clg722g6gil17ebf_640x640.jpg_100x100.jpg",
                        "name": "A甜儿2009",
                        "hs": "",
                        "sheng": "",
                        "tz": "",
                        "yf": " 黑色 / XXL",
                        "title": [
                            "买的已经是第二件了，穿上特别舒服，以后还会在来"
                        ],
                        "span": [
                            "07月15日",
                            "有用 0"
                        ],
                        "im1": [
                            "https://s3.mogucdn.com/mlcdn/c45406/190715_11d98b0f5914h37feg679ffjg117i_750x1000.jpg_100x100.jpg"
                        ],
                        "zj": [],
                        "zjt": [],
                        "p": "商家回复：谢谢亲亲的支持，小店会再接再厉，出更多好看质量又好的精品给亲亲，期待亲亲的下次光临~么么哒~"
                    },
                    {
                        "im": "https://s11.mogucdn.com/mlcdn/5abf39/180325_45b46gg9l0538bg1i8j74ah686e7b_132x132.jpg_100x100.jpg",
                        "name": "wx_qy2gkt05anbnk",
                        "hs": "",
                        "sheng": "",
                        "tz": "",
                        "yf": " 绿色 / L",
                        "title": [
                            "和照片上的根本就不是一个颜色太有差距了。建议大家不要再买。"
                        ],
                        "span": [
                            "07月10日",
                            "有用 0"
                        ],
                        "im1": [
                            "https://s11.mogucdn.com/mlcdn/c45406/190710_2ehde8i48c9h8di19f5bf3gf56110_1080x1440.jpg_100x100.jpg"
                        ],
                        "zj": [
                            "追加评价",
                            "真的是太假了，跟照片上的颜色根本就不同，差距很大。不会再来了"
                        ],
                        "zjt": [
                            "https://s11.mogucdn.com/mlcdn/c45406/190710_01f147kj405e18aj61lgl0760hc3i_1080x810.jpg_100x100.jpg"
                        ],
                        "p": ""
                    }
                ],
                "di": {
                    "dz": {
                        "img": "https://s3.mogucdn.com/mlcdn/c45406/190226_5h02i683d3icgjg80hdjb2k998j8e_200x200.jpg_100x100.webp",
                        "p": "女人旺街服饰",
                        "xx": [
                            "1",
                            "1",
                            "1"
                        ]
                    },
                    "xl": {
                        "zxl": [
                            "21.9万",
                            "总销量"
                        ],
                        "sz": [
                            "29213",
                            "收藏数"
                        ],
                        "ms": [
                            "描述相符",
                            "4.46"
                        ],
                        "zl": [
                            "质量满意",
                            "4.46"
                        ]
                    },
                    "tuw": {
                        "title": "工厂自产自销质量保证,拍下有赠送运费险不合适，不满意，不喜欢7天无理由退换！新款全网低价出售只赚销量不赚钱新老顾客来者是客小店每天不定时上新款望各位亲们多多关照点点关注不迷路哦！！！（感谢您对女人旺街服饰店的支持）",
                        "title1": "",
                        "cz": "穿着效果",
                        "img": [
                            "https://s11.mogucdn.com/mlcdn/c45406/190505_1hdc2da6cl45j198bi6k1ka5j6c30_700x3545.jpg_468x468.webp",
                            "https://s11.mogucdn.com/mlcdn/c45406/190505_3db95ghha1bdbl1853l395dd05ll7_700x3521.jpg_468x468.webp",
                            "https://s5.mogucdn.com/mlcdn/c45406/190505_3820d81a5kkk40e0d2d17368g4de2_700x3500.jpg_468x468.webp",
                            "https://s5.mogucdn.com/mlcdn/c45406/190505_89a2iig4dgf3ikaf570ifecfgd7l1_700x3613.jpg_468x468.webp",
                            "https://s3.mogucdn.com/mlcdn/c024f5/190417_2d51ljj2a42lddkg49ibag494g3ca_1125x540.png_468x468.webp"
                        ],
                        "shangppc": {
                            "c": [
                                [
                                    "尺码",
                                    "肩宽",
                                    "衣长",
                                    "胸围",
                                    "袖长"
                                ],
                                [
                                    "M",
                                    "48",
                                    "64",
                                    "96",
                                    "23"
                                ],
                                [
                                    "L",
                                    "50",
                                    "65",
                                    "100",
                                    "25"
                                ],
                                [
                                    "XL",
                                    "52",
                                    "66",
                                    "104",
                                    "25"
                                ],
                                [
                                    "XXL",
                                    "54",
                                    "67",
                                    "108",
                                    "26"
                                ],
                                [
                                    "图案",
                                    "字母/文字/数字"
                                ],
                                [
                                    "颜色",
                                    "黑色,橘色,绿色"
                                ],
                                [
                                    "袖型",
                                    "常规袖"
                                ],
                                [
                                    "上衣厚度",
                                    "适中"
                                ],
                                [
                                    "尺码",
                                    "XL,L,M,XXL"
                                ],
                                [
                                    "衣长",
                                    "常规款 (51-65cm)"
                                ],
                                [
                                    "版型",
                                    "宽松"
                                ],
                                [
                                    "季节",
                                    "夏秋"
                                ],
                                [
                                    "材质",
                                    "其他"
                                ],
                                [
                                    "领型",
                                    "V领"
                                ],
                                [
                                    "元素",
                                    "Oversized,露肩"
                                ],
                                [
                                    "袖长",
                                    "短袖"
                                ],
                                [
                                    "风格",
                                    "原宿"
                                ],
                                [
                                    "潮流",
                                    "韩系"
                                ]
                            ]
                        },
                        "ren": [
                            {
                                "img": "https://s3.mogucdn.com/mlcdn/c45406/190707_0f525jf182cblgf6dl9d7a6816ihe_640x960.jpg_320x999.webp",
                                "title": "上衣女夏装新款韩版宽松条纹短袖T恤女ins潮百搭泫雅风学生潮",
                                "j": "¥24.9"
                            },
                            {
                                "img": "https://s3.mogucdn.com/mlcdn/c45406/190413_539g3157b1gb85hach4eljlii22ab_640x960.jpg_320x999.webp",
                                "title": "夏季韩版网红同款ins短款港味上衣宽松显瘦字母百搭短袖T恤女",
                                "j": "¥23.9"
                            },
                            {
                                "img": "https://s3.mogucdn.com/mlcdn/c45406/190713_66kfj09553ehj5gbj39kc5ii7hhc5_640x960.jpg_320x999.webp",
                                "title": "春夏新款韩版网红宽松微透薄款长袖T恤套头防晒衫女牛油果上衣潮",
                                "j": "¥29.9"
                            },
                            {
                                "img": "https://s3.mogucdn.com/mlcdn/c45406/190517_24218j2gg9h0a46dd05ehc18ik4al_640x960.jpg_320x999.webp",
                                "title": "夏季含棉ins复古小花牛油果绿色上衣宽松显瘦短袖T恤女学生潮",
                                "j": "¥29.9"
                            },
                            {
                                "img": "https://s3.mogucdn.com/mlcdn/55cf19/190629_1c2i6827dc1g3g959a877l476796d_640x960.jpg_320x999.webp",
                                "title": "韩版学生宽松印花牛油果绿短袖T恤女夏新款短款体恤上衣ins潮",
                                "j": "¥19.9"
                            },
                            {
                                "img": "https://s11.mogucdn.com/mlcdn/c45406/190620_8ae950biia735l4bee2iik7g481cl_640x960.jpg_320x999.webp",
                                "title": "小披肩女披风夏季百搭针织镂空外搭上衣薄短款沙滩防晒开衫小外套",
                                "j": "¥59.9"
                            },
                            {
                                "img": "https://s3.mogucdn.com/mlcdn/c45406/190606_5h417g92ekkee96bd6kgbdgf0gc5h_640x960.jpg_320x999.webp",
                                "title": "夏季新款短款t恤女短袖韩版百搭宽松设计感牛油果露脐上衣抹茶绿",
                                "j": "¥26.9"
                            },
                            {
                                "img": "https://s3.mogucdn.com/mlcdn/c45406/190423_238d9952d36e3jf56ec9b1k1al013_640x960.jpg_320x999.webp",
                                "title": "韩国INS鬼马少女夏季新款修身显瘦超好看牛油果绿短袖T恤女潮",
                                "j": "¥19.9"
                            },
                            {
                                "img": "https://s3.mogucdn.com/mlcdn/c45406/190327_0244e11hgh78gg8639013g186jjjf_640x960.jpg_320x999.webp",
                                "title": "春夏新款韩版露肩宽松挂脖拼色短袖T恤女小心机一字肩上衣学生潮",
                                "j": "¥26.9"
                            },
                            {
                                "img": "https://s3.mogucdn.com/mlcdn/c45406/190601_8bkbg0a7b84bjcegh4k3llgje35k9_640x960.jpg_320x999.webp",
                                "title": "夏季新款韩版洋气宽松字母无袖背心t恤女网红ins上衣外穿学生",
                                "j": "¥32.9"
                            },
                            {
                                "img": "https://s3.mogucdn.com/mlcdn/c45406/190627_2bdaglibk1f6cac88kd5g3eiej7d2_640x960.jpg_320x999.webp",
                                "title": "夏季新款韩版牛油果绿设计感宽松不规则斜腰系带短袖T恤女上衣潮",
                                "j": "¥29.9"
                            },
                            {
                                "img": "https://s11.mogucdn.com/mlcdn/c45406/190331_06kc69l8kd2eg4af28hjbf5kkbkf6_640x960.jpg_320x999.webp",
                                "title": "新款春夏韩版宽松纯色短袖T恤女网红ins港味上体恤衣打底衫潮",
                                "j": "¥26.9"
                            },
                            {
                                "img": "https://s3.mogucdn.com/mlcdn/c45406/190701_03d3850j05fh0ef7d63k47j3afie0_640x960.jpg_320x999.webp",
                                "title": "春秋新款港味复古纯色百搭小心机宽松中长款露肩长袖T恤女上衣潮",
                                "j": "¥39"
                            }
                        ]
                    }
                }
            }
        }
    ]
}