{
    "data": [
        {
            "top": {
                "head": "https://s11.mogucdn.com/mlcdn/5abf39/180828_7hg11be2e287kh63i6gdgh64ifij8_400x400.jpg_999x999.v1c0.81.webp",
                "name": "我是王小喵oO",
                "ladel": [
                    "167cm",
                    "44kg",
                    "广州",
                    "店主模特"
                ]
            },
            "banner": [
                "https://s11.mogucdn.com/mlcdn/c45406/190724_4bha1hb7g2je6h8dii42j96l7c00l_790x1053.jpg_640x999.v1c96.70.webp",
                "https://s5.mogucdn.com/mlcdn/c45406/190724_1lb6jekkiligdkbh6590ai99k4lce_790x790.jpg_640x999.v1c96.70.webp",
                "https://s3.mogucdn.com/mlcdn/c45406/190724_6a43feh8980568h7i12fajejieaaj_790x1053.jpg_640x999.v1c96.70.webp",
                "https://s11.mogucdn.com/mlcdn/c45406/190724_1h7hdc119ijd2aa965h600i0bgca9_790x790.jpg_640x999.v1c96.70.webp",
                "https://s11.mogucdn.com/mlcdn/c45406/190724_68dc63i5g4a34967dk45ac9582i52_790x790.jpg_640x999.v1c96.70.webp",
                "https://s11.mogucdn.com/mlcdn/c45406/190724_07kakf7bjbfd3g69b3fa98aflh5gb_790x790.jpg_640x999.v1c96.70.webp",
                "https://s3.mogucdn.com/mlcdn/c45406/190724_02bea3ihek17jdfhc5l78929e5ai8_790x1053.jpg_640x999.v1c96.70.webp",
                "https://s11.mogucdn.com/mlcdn/c45406/190724_5kb36ee3k43aec82007h9f1h2ddhl_790x790.jpg_640x999.v1c96.70.webp"
            ],
            "msgnum": 0,
            "sticknum": 372,
            "show": [
                {
                    "title": "纳兰家",
                    "img": "https://s11.mogucdn.com/mlcdn/55cf19/190709_30le09kel9leh1hdaa9ceebechgcf_640x960.jpg_160x160.v1cAC.40.webp",
                    "icon": "https://s10.mogucdn.com/mlcdn/c45406/190123_71dac7405bf1h7h4fel03e73k2973_30x30.png",
                    "word": "纳兰家夏季新款韩版清新圆领长袖宽松套头上衣镂空薄款罩衫防晒衫",
                    "price": "¥ 79.94"
                }
            ],
            "details": [
                "仙气满满的一款ng晒罩衫,",
                "常规小宽松版型;",
                "泡泡袖子让简约版型增加了设计感,",
                "同时穿着也更加自如喔;",
                "值得一说的是这个网纱质感的面料",
                "满片小花朵一看就很爱了,",
                "自带肌理感更增加了衣服整体的质感与细致!"
            ],
            "topic": [
                "#七夕穿搭攻略，预热走起！#",
                "#日常时髦经：舒服最重要！#"
            ],
            "label": [
                {
                    "img": "https://s3.mogucdn.com/mlcdn/0ffcd9/180827_59802371h1b0hlkg33be63iel1e79_340x340.png_200x200.jpg",
                    "text": "珊珊 Sunny33小超人"
                },
                {
                    "img": "https://s3.mogucdn.com/mlcdn/0ffcd9/180906_8g1l2bj6ichg7h25fdhe82dbf74e2_225x225.png_200x200.jpg",
                    "text": "Charles&Keith"
                },
                {
                    "img": "https://s3.mogucdn.com/mlcdn/0ffcd9/190128_85477g4i45d022862gklj527dj52i_283x283.png_200x200.jpg",
                    "text": "ZARA"
                },
                {
                    "img": "https://s3.mogucdn.com/mlcdn/0ffcd9/180724_0hf1026ghbh4873c0hld785gbcf68_116x115.png_999x999.v1c0.100.webp",
                    "text": "乐町"
                }
            ],
            "record": [
                "1天前",
                "2.7万浏览"
            ],
            "comment": "https://s10.mogucdn.com/mlcdn/c45406/190110_2hfk05bfiic24de6li31l721lbh2i_50x50.png"
        },
        {
            "top": {
                "head": "https://s5.mogucdn.com/mlcdn/5abf39/181217_212378aiej6198fkf789cje0laael_400x400.jpg_999x999.v1c0.81.webp",
                "name": "是六六七七呀",
                "ladel": [
                    "165cm",
                    "44kg",
                    "宁波",
                    "学生"
                ]
            },
            "banner": [
                "https://s5.mogucdn.com/mlcdn/c45406/190424_4haj7gl73fddfdf8db78j25d74460_3024x4032.jpg_640x999.v1c96.70.webp",
                "https://s3.mogucdn.com/mlcdn/c45406/190424_43le8cj0b0ai4160j9eg1235l7alg_3024x4032.jpg_640x999.v1c96.70.webp",
                "https://s11.mogucdn.com/mlcdn/c45406/190424_0i8fkb9fiad3lib5lbfk8ii50jh73_3024x4032.jpg_640x999.v1c96.70.webp",
                "https://s11.mogucdn.com/mlcdn/c45406/190424_0e2hhbfgdhdkbil9f5fhji2775lii_3024x3024.jpg_640x999.v1c96.70.webp",
                "https://s11.mogucdn.com/mlcdn/c45406/190424_41f89c6a05bfi1e1d9j799c29l33e_1080x1440.jpg_640x999.v1c96.70.webp",
                "https://s5.mogucdn.com/mlcdn/c45406/190424_8829lhciche4gaib52deb7f71e902_3024x4032.jpg_640x999.v1c96.70.webp"
            ],
            "msgnum": 4,
            "sticknum": 504,
            "show": [
                {
                    "title": "JellyHouse果冻儿",
                    "img": "https://s3.mogucdn.com/mlcdn/d74c96/190425_73f7j91c61d24jhg0369hk22kd04f_3024x3024.jpg_160x160.v1cAC.40.webp",
                    "word": "果冻儿 温柔小姐姐要入的露肩雪纺上衣",
                    "price": "¥ 83.9"
                }
            ],
            "details": [
                "温柔小姐姐一定要入手的露肩雪纺上衣",
                "好看又防晒 有点斩男装的意思哟",
                "亲测显瘦 勇敢的露出你的锁骨和肩膀的线条",
                "颜色也是非常好看的粉色 嫩嫩的仙仙的 温温柔柔的",
                "袖子的地方是半透明的 但是身体部分是不透的哟 不用担心啦",
                "搭配牛仔裤 颜色部分也很协调",
                "整体看起来也是很仙很温柔 比较显身材的一套"
            ],
            "topic": [
                "#仙女秘诀：薄纱了解一下#",
                "#彩虹色入夏，为爱发声🌈#"
            ],
            "label": [
                {
                    "img": "https://s3.mogucdn.com/mlcdn/0ffcd9/180906_12bj0akhc16c65il96i1ad17lg057_395x394.png_999x999.v1c0.100.webp",
                    "text": "FAYEYE"
                }
            ],
            "record": [
                "2019.04.24 11:54",
                "69.2万浏览"
            ],
            "comment": "https://s10.mogucdn.com/mlcdn/c45406/190110_2hfk05bfiic24de6li31l721lbh2i_50x50.png"
        },
        {
            "top": {
                "head": "https://s3.mogucdn.com/mlcdn/5abf39/190419_2fhb6flad11l83b178f722bd8lbhe_400x400.jpg_999x999.v1c0.81.webp",
                "name": "范姜姜",
                "ladel": [
                    "165cm",
                    "45kg",
                    "广州",
                    "美术学"
                ]
            },
            "banner": [
                "https://s11.mogucdn.com/mlcdn/c45406/190524_76b3khb7c23j42j3d5igif3k71l8f_749x909.jpg_640x999.v1c96.70.webp",
                "https://s5.mogucdn.com/mlcdn/c45406/190524_0b892dd9k1b27a03jf1b8j4dk4kfh_750x869.jpg_640x999.v1c96.70.webp",
                "https://s11.mogucdn.com/mlcdn/c45406/190524_2lb8c661edj3jdjb6e52ehh054ekh_800x800.jpg_640x999.v1c96.70.webp",
                "https://s5.mogucdn.com/mlcdn/c45406/190524_3cj0b03i18bb0i699ilk4ecf33ifi_800x800.jpg_640x999.v1c96.70.webp"
            ],
            "msgnum": 8,
            "sticknum": 744,
            "show": [
                {
                    "title": "GUCCI",
                    "img": "https://s5.mogucdn.com/mlcdn/d74c96/190524_4e69f9l0g47609f421f362jee8f7i_800x800.jpg_160x160.v1cAC.40.webp",
                    "word": "019夏季新款一字领上衣配半身包臀裙连衣裙两件套法国小众套装裙",
                    "price": "¥ 169"
                }
            ],
            "topic": [
                "#今天穿成妈妈眼里的满分女儿#",
                "#夏日一字领锁骨营业中#"
            ],
            "label": [
                {
                    "img": "https://s3.mogucdn.com/mlcdn/c45406/190627_43kfh2jh00da1fl744ie9ij64le8e_500x500.jpg_999x999.v1c0.81.webp",
                    "text": "CHANEL"
                },
                {
                    "img": "https://s3.mogucdn.com/mlcdn/c45406/190627_43kfh2jh00da1fl744ie9ij64le8e_500x500.jpg_999x999.v1c0.81.webp",
                    "text": "CHANEL BEAUTY"
                },
                {
                    "img": "https://s3.mogucdn.com/mlcdn/0ffcd9/190128_85477g4i45d022862gklj527dj52i_283x283.png_200x200.jpg",
                    "text": "ZARA"
                },
                {
                    "img": "https://s3.mogucdn.com/mlcdn/0ffcd9/180724_0hf1026ghbh4873c0hld785gbcf68_116x115.png_999x999.v1c0.100.webp",
                    "text": "乐町"
                },
                {
                    "img": "https://s3.mogucdn.com/mlcdn/c45406/190627_43kfh2jh00da1fl744ie9ij64le8e_500x500.jpg_999x999.v1c0.81.webp",
                    "text": "GUCCI"
                }
            ],
            "record": [
                "2019.05.24 11:36",
                "223.0万浏览"
            ],
            "comment": "https://s10.mogucdn.com/mlcdn/c45406/190110_2hfk05bfiic24de6li31l721lbh2i_50x50.png"
        }
    ]
}