{
  "head": [
    "发现",
    "关注",
    "流行"
  ],
  "core": [{
      "bigimg": "https://s11.mogucdn.com/mlcdn/c45406/190521_5kid54dddh89gk81lbljg8efk5l84_704x1175.jpg_400x9999.v1c7E.70.webp",
      "text": "极简风才够酷      小黑裙每个女生衣柜都该屯一条，不挑人通吃类型，显瘦显身材，最主要显气质~极简优雅#618精选高腰单品，靓妹必入##618不能错过的网红店新款，买！#",
      "uimg": "https://s11.mogucdn.com/mlcdn/5abf39/181010_0j3763li0j34gjd80ifb3g9gbjg50_400x400.jpg_100x9999.v1c7E.70.webp",
      "uname": "米米酱2018",
      "uheight": "163cm46k"
    },
    {
      "bigimg": "https://s3.mogucdn.com/mlcdn/c45406/190610_76aejcgcbj9a288le0be7blaai877_781x1302.jpg_200x9999.v1c7E.70.webp",
      "text": "#小个子穿什么一键拉长比例# 白T恤+浅兰色牛仔裤，应该是最经典的穿搭之一吧。久违的清纯简单，不需要过多点缀，轻松舒适。 长长的阔腿裤突出简洁大方的风格。穿上阔腿裤十分显瘦。白色的T恤扎裤子里面重新定义了腰线高度，更显一双大长腿。",
      "uimg": "https://s11.mogucdn.com/mlcdn/5abf39/180624_0j5c97cg2fjhh1ki3e47l620h12ga_400x400.jpg_100x9999.v1c7E.70.webp",
      "uname": "兔斯基Kayi",
      "uheight": "158cm41kg"
    },
    {
      "bigimg": "https://s3.mogucdn.com/mlcdn/c45406/190424_60c2geilh1i6c93j03j70590j8528_460x767.jpg_200x9999.v1c7E.70.webp",
      "text": "【荷叶风抹胸短裙】 我的荷叶风~噔噔噔这就厉害了 用真荷叶做成的短裙 利用荷叶的本身的造型 做成上身抹胸的感觉 塑料包扎带作为腰带 让我们一起野起来吧~#穿什么让爱豆一眼看到我##龙龙的秀场#",
      "uimg": "https://s3.mogucdn.com/mlcdn/5abf39/190419_42j0366abjfacda4j5lj9354bl46l_400x400.jpg_100x9999.v1c7E.70.webp",
      "uname": "Dragon_龙龙",
      "uheight": "171cm60kg"
    },
    {
      "bigimg": "https://s11.mogucdn.com/mlcdn/c45406/190606_3a8521kjj29a04ljed1ha6f8gd646_764x1276.jpg_400x9999.v1c7E.70.webp",
      "text": "极简风才够酷      小黑裙每个女生衣柜都该屯一条，不挑人通吃类型，显瘦显身材，最主要显气质~极简优雅#618精选高腰单品，靓妹必入##618不能错过的网红店新款，买！#",
      "uimg": "https://s11.mogucdn.com/mlcdn/5abf39/181010_0j3763li0j34gjd80ifb3g9gbjg50_400x400.jpg_100x9999.v1c7E.70.webp",
      "uname": "米米酱2018",
      "uheight": "163cm46k"
    },
    {
      "bigimg": "https://s11.mogucdn.com/mlcdn/c45406/190604_64gaj6lahifdkhh0j0k46846g4k26_1010x1682.jpg_400x9999.v1c7E.70.webp",
      "text": "#小个子穿什么一键拉长比例# 白T恤+浅兰色牛仔裤，应该是最经典的穿搭之一吧。久违的清纯简单，不需要过多点缀，轻松舒适。 长长的阔腿裤突出简洁大方的风格。穿上阔腿裤十分显瘦。白色的T恤扎裤子里面重新定义了腰线高度，更显一双大长腿。",
      "uimg": "https://s11.mogucdn.com/mlcdn/5abf39/180624_0j5c97cg2fjhh1ki3e47l620h12ga_400x400.jpg_100x9999.v1c7E.70.webp",
      "uname": "兔斯基Kayi",
      "uheight": "158cm41kg"
    },
    {
      "bigimg": "https://s3.mogucdn.com/mlcdn/c45406/190428_70c73lcfc4bca8ek51kgcaik5d11l_634x1057.jpg_400x9999.v1c7E.70.webp",
      "text": "#小个子穿什么一键拉长比例# 白T恤+浅兰色牛仔裤，应该是最经典的穿搭之一吧。久违的清纯简单，不需要过多点缀，轻松舒适。 长长的阔腿裤突出简洁大方的风格。穿上阔腿裤十分显瘦。白色的T恤扎裤子里面重新定义了腰线高度，更显一双大长腿。",
      "uimg": "https://s11.mogucdn.com/mlcdn/5abf39/181009_2l30bli1ji1ccg6k4ci65a16kj098_400x400.jpg_100x9999.v1c7E.70.webp",
      "uname": "兔斯基Kayi",
      "uheight": "158cm41kg"
    },
    {
      "bigimg": "https://s5.mogucdn.com/mlcdn/c45406/190617_82gf4f46dia4j6d98bd0i405dhil8_1080x1920.jpg_400x9999.v1c7E.70.webp",
      "text": "极简风才够酷      小黑裙每个女生衣柜都该屯一条，不挑人通吃类型，显瘦显身材，最主要显气质~极简优雅#618精选高腰单品，靓妹必入##618不能错过的网红店新款，买！#",
      "uimg": "https://s3.mogucdn.com/mlcdn/5abf39/180814_7b5gei0kcki56j868i6j3926dgaa7_400x400.jpg_100x9999.v1c7E.70.webp",
      "uname": "米米酱2018",
      "uheight": "163cm46k"
    },
    {
      "bigimg": "https://s5.mogucdn.com/mlcdn/c45406/190723_1eb5da8da3b934jc2g7e182bjl89h_1004x1676.jpg_400x9999.v1c7E.70.webp",
      "text": "极简风才够酷      小黑裙每个女生衣柜都该屯一条，不挑人通吃类型，显瘦显身材，最主要显气质~极简优雅#618精选高腰单品，靓妹必入##618不能错过的网红店新款，买！#",
      "uimg": "https://s5.mogucdn.com/mlcdn/5abf39/190124_0dgb2j6g7ka54g1i3lg6i3gd5c5di_400x400.jpg_100x9999.v1c7E.70.webp",
      "uname": "米米酱2018",
      "uheight": "163cm46k"
    },
    {
      "bigimg": "https://s5.mogucdn.com/mlcdn/c45406/190511_00jlh88c41475bf01k0298kj4aij5_594x991.jpg_400x9999.v1c7E.70.webp",
      "text": "极简风才够酷      小黑裙每个女生衣柜都该屯一条，不挑人通吃类型，显瘦显身材，最主要显气质~极简优雅#618精选高腰单品，靓妹必入##618不能错过的网红店新款，买！#",
      "uimg": "https://s11.mogucdn.com/mlcdn/5abf39/190113_3bl8151gab1da34h4a7c93g895g53_132x132.jpg_100x9999.v1c7E.70.webp",
      "uname": "米米酱2018",
      "uheight": "163cm46k"
    },
    {
      "bigimg": "https://s11.mogucdn.com/mlcdn/c45406/190516_248cjkbg4hc3d9c5a36aa323dkka0_670x1119.jpg_400x9999.v1c7E.70.webp",
      "text": "极简风才够酷      小黑裙每个女生衣柜都该屯一条，不挑人通吃类型，显瘦显身材，最主要显气质~极简优雅#618精选高腰单品，靓妹必入##618不能错过的网红店新款，买！#",
      "uimg": "https://s11.mogucdn.com/mlcdn/5abf39/190228_3lh661gll8jfcf57g4l89ggedhddg_400x400.jpg_100x9999.v1c7E.70.webp",
      "uname": "米米酱2018",
      "uheight": "163cm46k"
    },
    {
      "bigimg": "https://s11.mogucdn.com/mlcdn/c45406/190725_4gj6gl46lja3ihalbcfb4j59e517i_646x1077.jpg_400x9999.v1c7E.70.webp",
      "text": "极简风才够酷      小黑裙每个女生衣柜都该屯一条，不挑人通吃类型，显瘦显身材，最主要显气质~极简优雅#618精选高腰单品，靓妹必入##618不能错过的网红店新款，买！#",
      "uimg": "https://s11.mogucdn.com/mlcdn/5abf39/190514_2j13j34c27ali7j7j1dbci568efa2_400x400.jpg_100x9999.v1c7E.70.webp",
      "uname": "米米酱2018",
      "uheight": "163cm46k"
    },
    {
      "bigimg": "https://s11.mogucdn.com/mlcdn/c45406/190711_279b2b20fbid16g8cic74ghd648l1_1080x1920.jpg_400x9999.v1c7E.70.webp",
      "text": "极简风才够酷      小黑裙每个女生衣柜都该屯一条，不挑人通吃类型，显瘦显身材，最主要显气质~极简优雅#618精选高腰单品，靓妹必入##618不能错过的网红店新款，买！#",
      "uimg": "https://s5.mogucdn.com/mlcdn/c45406/190712_2g72g5fa8hg5aggb97eegb812852g_400x400.jpg_100x9999.v1c7E.70.webp",
      "uname": "米米酱2018",
      "uheight": "163cm46k"
    }, {
      "bigimg": "https://s5.mogucdn.com/mlcdn/c45406/190723_1eb5da8da3b934jc2g7e182bjl89h_1004x1676.jpg_400x9999.v1c7E.70.webp",
      "text": "极简风才够酷      小黑裙每个女生衣柜都该屯一条，不挑人通吃类型，显瘦显身材，最主要显气质~极简优雅#618精选高腰单品，靓妹必入##618不能错过的网红店新款，买！#",
      "uimg": "https://s5.mogucdn.com/mlcdn/5abf39/190124_0dgb2j6g7ka54g1i3lg6i3gd5c5di_400x400.jpg_100x9999.v1c7E.70.webp",
      "uname": "米米酱2018",
      "uheight": "163cm46k"
    },
    {
      "bigimg": "https://s5.mogucdn.com/mlcdn/c45406/190511_00jlh88c41475bf01k0298kj4aij5_594x991.jpg_400x9999.v1c7E.70.webp",
      "text": "极简风才够酷      小黑裙每个女生衣柜都该屯一条，不挑人通吃类型，显瘦显身材，最主要显气质~极简优雅#618精选高腰单品，靓妹必入##618不能错过的网红店新款，买！#",
      "uimg": "https://s11.mogucdn.com/mlcdn/5abf39/190113_3bl8151gab1da34h4a7c93g895g53_132x132.jpg_100x9999.v1c7E.70.webp",
      "uname": "米米酱2018",
      "uheight": "163cm46k"
    },
    {
      "bigimg": "https://s11.mogucdn.com/mlcdn/c45406/190516_248cjkbg4hc3d9c5a36aa323dkka0_670x1119.jpg_400x9999.v1c7E.70.webp",
      "text": "极简风才够酷      小黑裙每个女生衣柜都该屯一条，不挑人通吃类型，显瘦显身材，最主要显气质~极简优雅#618精选高腰单品，靓妹必入##618不能错过的网红店新款，买！#",
      "uimg": "https://s11.mogucdn.com/mlcdn/5abf39/190228_3lh661gll8jfcf57g4l89ggedhddg_400x400.jpg_100x9999.v1c7E.70.webp",
      "uname": "米米酱2018",
      "uheight": "163cm46k"
    },
    {
      "bigimg": "https://s11.mogucdn.com/mlcdn/c45406/190725_4gj6gl46lja3ihalbcfb4j59e517i_646x1077.jpg_400x9999.v1c7E.70.webp",
      "text": "极简风才够酷      小黑裙每个女生衣柜都该屯一条，不挑人通吃类型，显瘦显身材，最主要显气质~极简优雅#618精选高腰单品，靓妹必入##618不能错过的网红店新款，买！#",
      "uimg": "https://s11.mogucdn.com/mlcdn/5abf39/190514_2j13j34c27ali7j7j1dbci568efa2_400x400.jpg_100x9999.v1c7E.70.webp",
      "uname": "米米酱2018",
      "uheight": "163cm46k"
    },
    {
      "bigimg": "https://s11.mogucdn.com/mlcdn/c45406/190711_279b2b20fbid16g8cic74ghd648l1_1080x1920.jpg_400x9999.v1c7E.70.webp",
      "text": "极简风才够酷      小黑裙每个女生衣柜都该屯一条，不挑人通吃类型，显瘦显身材，最主要显气质~极简优雅#618精选高腰单品，靓妹必入##618不能错过的网红店新款，买！#",
      "uimg": "https://s5.mogucdn.com/mlcdn/c45406/190712_2g72g5fa8hg5aggb97eegb812852g_400x400.jpg_100x9999.v1c7E.70.webp",
      "uname": "米米酱2018",
      "uheight": "163cm46k"
    },
    {
      "bigimg": "https://s5.mogucdn.com/mlcdn/c45406/190511_00jlh88c41475bf01k0298kj4aij5_594x991.jpg_400x9999.v1c7E.70.webp",
      "text": "极简风才够酷      小黑裙每个女生衣柜都该屯一条，不挑人通吃类型，显瘦显身材，最主要显气质~极简优雅#618精选高腰单品，靓妹必入##618不能错过的网红店新款，买！#",
      "uimg": "https://s11.mogucdn.com/mlcdn/5abf39/190113_3bl8151gab1da34h4a7c93g895g53_132x132.jpg_100x9999.v1c7E.70.webp",
      "uname": "米米酱2018",
      "uheight": "163cm46k"
    }

  ],
  "followdata": [{
    "followimg": "https://s10.mogucdn.com/mlcdn/c45406/180522_7hi685l4939dk3h7cfbcgi178ga5e_514x320.png"
  }],
  "popular": [{
      "leftImg": "https://s3.mogucdn.com/mlcdn/c45406/190722_50e71lciecl4da4e166fdgij6i91b_447x431.png_999x999.v1c0.81.webp",
      "leftTitle": "#自古“嗲妹”最好命#",
      "number": "934人参与",
      "leftP1": "更新",
      "leftSpan": "1.1万",
      "leftP2": "个LOOK",
      "rightImg1": "https://s11.mogucdn.com/mlcdn/c45406/190721_3d4f958jj7dfc12g1224k8acj1j0j_927x1544.jpg_200x9999.v1c7E.70.webp",
      "Img1": "@金花花呀呀",
      "rightImg2": "https://s11.mogucdn.com/mlcdn/c45406/190721_4108fk9aeg4d01gkh3bk5bhlg4791_1052x1752.jpg_200x9999.v1c7E.70.webp",
      "Img2": "@卡攸酱"
    },
    {
      "leftImg": "https://s11.mogucdn.com/mlcdn/c45406/190721_5h83l1346kj8965fgb1b1dfd7hkkh_800x800.jpg_999x999.v1c0.81.webp",
      "leftTitle": "#完美假日出游穿搭#",
      "number": "1019人参与",
      "leftP1": "更新",
      "leftSpan": "9275",
      "leftP2": "个LOOK",
      "rightImg1": "https://s11.mogucdn.com/mlcdn/c45406/190721_3668fb70aig69i892i4aik095d3ll_862x1438.jpg_200x9999.v1c7E.70.webp",
      "Img1": "@金花花呀呀",
      "rightImg2": "https://s5.mogucdn.com/mlcdn/c45406/190721_421cd4j463b30cjbjea6k65hf0ll6_750x1253.jpg_200x9999.v1c7E.70.webp",
      "Img2": "@虚拟的拟"
    },
    {
      "leftImg": "https://s11.mogucdn.com/mlcdn/c45406/190718_3241cclkc6feb740j1allcjc66kgf_639x640.jpg_999x999.v1c0.81.webp",
      "leftTitle": "#防晒王！这条空气裤太好穿了#",
      "number": "1091人参与",
      "leftP1": "更新",
      "leftSpan": "9590",
      "leftP2": "个LOOK",
      "rightImg1": "https://s11.mogucdn.com/mlcdn/c45406/190719_88dgicdhcf2fj6jhbabb43ke3ce36_702x1172.jpg_200x9999.v1c7E.70.webp",
      "Img1": "@迷鹿Angel",
      "rightImg2": "https://s11.mogucdn.com/mlcdn/c45406/190717_5j341h561d8igji99l7kjbajdaai7_906x1513.jpg_200x9999.v1c7E.70.webp",
      "Img2": "@你的困困"
    },
    {
      "leftImg": "https://s11.mogucdn.com/mlcdn/c45406/190719_3g6a8khf543256a6gi6lg937gchjk_800x800.jpg_999x999.v1c0.81.webp",
      "leftTitle": "#防晒霜测评，照着买不出错！#",
      "number": "59人参与",
      "leftP1": "更新",
      "leftSpan": "73",
      "leftP2": "个LOOK",
      "rightImg1": "https://s11.mogucdn.com/mlcdn/c45406/190718_77c77kijc28579lbjbb5b84373g9i_1080x1920.jpg_200x9999.v1c7E.70.webp",
      "Img1": "@SNAKBRO",
      "rightImg2": "https://s3.mogucdn.com/mlcdn/c45406/190713_6e691cjb1048j6h62f41ijj2lddg5_1080x1620.jpg_200x9999.v1c7E.70.webp",
      "Img2": "@阮阿九"
    },
    {
      "leftImg": "https://s11.mogucdn.com/mlcdn/c45406/190721_5h83l1346kj8965fgb1b1dfd7hkkh_800x800.jpg_999x999.v1c0.81.webp",
      "leftTitle": "#完美假日出游穿搭#",
      "number": "1019人参与",
      "leftP1": "更新",
      "leftSpan": "9275",
      "leftP2": "个LOOK",
      "rightImg1": "https://s11.mogucdn.com/mlcdn/c45406/190721_3668fb70aig69i892i4aik095d3ll_862x1438.jpg_200x9999.v1c7E.70.webp",
      "Img1": "@金花花呀呀",
      "rightImg2": "https://s5.mogucdn.com/mlcdn/c45406/190721_421cd4j463b30cjbjea6k65hf0ll6_750x1253.jpg_200x9999.v1c7E.70.webp",
      "Img2": "@虚拟的拟"
    },
    {
      "leftImg": "https://s11.mogucdn.com/mlcdn/c45406/190718_3241cclkc6feb740j1allcjc66kgf_639x640.jpg_999x999.v1c0.81.webp",
      "leftTitle": "#防晒王！这条空气裤太好穿了#",
      "number": "1091人参与",
      "leftP1": "更新",
      "leftSpan": "9590",
      "leftP2": "个LOOK",
      "rightImg1": "https://s11.mogucdn.com/mlcdn/c45406/190719_88dgicdhcf2fj6jhbabb43ke3ce36_702x1172.jpg_200x9999.v1c7E.70.webp",
      "Img1": "@迷鹿Angel",
      "rightImg2": "https://s11.mogucdn.com/mlcdn/c45406/190717_5j341h561d8igji99l7kjbajdaai7_906x1513.jpg_200x9999.v1c7E.70.webp",
      "Img2": "@你的困困"
    },
    {
      "leftImg": "https://s11.mogucdn.com/mlcdn/c45406/190719_3g6a8khf543256a6gi6lg937gchjk_800x800.jpg_999x999.v1c0.81.webp",
      "leftTitle": "#防晒霜测评，照着买不出错！#",
      "number": "59人参与",
      "leftP1": "更新",
      "leftSpan": "73",
      "leftP2": "个LOOK",
      "rightImg1": "https://s11.mogucdn.com/mlcdn/c45406/190718_77c77kijc28579lbjbb5b84373g9i_1080x1920.jpg_200x9999.v1c7E.70.webp",
      "Img1": "@SNAKBRO",
      "rightImg2": "https://s3.mogucdn.com/mlcdn/c45406/190713_6e691cjb1048j6h62f41ijj2lddg5_1080x1620.jpg_200x9999.v1c7E.70.webp",
      "Img2": "@阮阿九"
    }
  ]
}
