{
  "data": {
    "top": {
      "first": "https://s11.mogucdn.com/mlcdn/1689c6/190705_5085e1a7ij075cb83e0ld9826ddij_210x280.png",
      "bangImg": "https://s10.mogucdn.com/mlcdn/c45406/190717_317jd2b5h843il08f9g5i2b5hc26f_164x164.jpg",
      "supergoodImg": "https://s10.mogucdn.com/mlcdn/c45406/190329_2230c9c30j384ib0c95i37d5i76ee_165x165.jpg",
      "kssImg": "https://s10.mogucdn.com/mlcdn/c45406/190721_6d4ihef4acdl9gileafj230k0ghb9_165x165.jpg",
      "time": "1564553330060"
    }

    ,
    "list": [{
        "id": 1,
        "url": "https://s10.mogucdn.com/mlcdn/c45406/190627_7f9eiil09jkablajb6h3kl71kicdc_150x150.jpg_640x640.v1cAC.40.webp"
      },
      {
        "id": 2,
        "url": "https://s10.mogucdn.com/mlcdn/c45406/190702_7606lfhjd0d65bi663996c7i7cd7i_150x150.jpg_640x640.v1cAC.40.webp"
      },
      {
        "id": 3,
        "url": "https://s10.mogucdn.com/mlcdn/c45406/190702_39gl4590h5fbgc36d4gfdg53a585b_150x150.jpg_640x640.v1cAC.40.webp"
      },
      {
        "id": 4,
        "url": "https://s10.mogucdn.com/mlcdn/c45406/190627_1483kf9jgljg544dj2jld0d2457ed_150x150.jpg_640x640.v1cAC.40.webp"
      },
      {
        "id": 5,
        "url": "https://s10.mogucdn.com/mlcdn/c45406/190702_17a0e37h351ek4hghc5c8ahd5if5i_150x150.jpg_640x640.v1cAC.40.webp"
      },
      {
        "id": 6,
        "url": "https://s10.mogucdn.com/mlcdn/c45406/190627_7f9eiil09jkablajb6h3kl71kicdc_150x150.jpg_640x640.v1cAC.40.webp"
      },
      {
        "id": 7,
        "url": "https://s10.mogucdn.com/mlcdn/c45406/190702_7606lfhjd0d65bi663996c7i7cd7i_150x150.jpg_640x640.v1cAC.40.webp"
      },
      {
        "id": 8,
        "url": "https://s10.mogucdn.com/mlcdn/c45406/190702_39gl4590h5fbgc36d4gfdg53a585b_150x150.jpg_640x640.v1cAC.40.webp"
      },
      {
        "id": 9,
        "url": "https://s10.mogucdn.com/mlcdn/c45406/190627_1483kf9jgljg544dj2jld0d2457ed_150x150.jpg_640x640.v1cAC.40.webp"
      },
      {
        "id": 10,
        "url": "https://s10.mogucdn.com/mlcdn/c45406/190702_17a0e37h351ek4hghc5c8ahd5if5i_150x150.jpg_640x640.v1cAC.40.webp"
      },
      {
        "id": 11,
        "url": "https://s10.mogucdn.com/mlcdn/c45406/190721_894k1459kh4fb060hf20k18ic2g5h_150x150.gif_640x640.v1cAC.40.webp"
      },
      {
        "id": 12,
        "url": "https://s10.mogucdn.com/mlcdn/c45406/190702_7606lfhjd0d65bi663996c7i7cd7i_150x150.jpg_640x640.v1cAC.40.webp"
      },
      {
        "id": 13,
        "url": "https://s10.mogucdn.com/mlcdn/c45406/190702_39gl4590h5fbgc36d4gfdg53a585b_150x150.jpg_640x640.v1cAC.40.webp"
      },
      {
        "id": 14,
        "url": "https://s10.mogucdn.com/mlcdn/c45406/190627_1483kf9jgljg544dj2jld0d2457ed_150x150.jpg_640x640.v1cAC.40.webp"
      },
      {
        "id": 15,
        "url": "https://s10.mogucdn.com/mlcdn/c45406/190702_17a0e37h351ek4hghc5c8ahd5if5i_150x150.jpg_640x640.v1cAC.40.webp"
      }
    ],
    "guess": [{
        "img": "https://s11.mogucdn.com/mlcdn/c45406/190707_855geh8jh4j1h3gl4l775f4j97alh_640x960.jpg_640x854.v1cAC.40.webp",
        "title": "网纱连衣裙亮片仙女闪亮五角星梦幻星空裙超仙高腰显瘦中长裙子",
        "pv": "71",
        "price": "99",
        "fav": "266"
      },
      {
        "img": "https://s11.mogucdn.com/mlcdn/c45406/190630_6lk0j0g0ff7jgef25e8l8668e4191_640x960.jpg_640x854.v1cAC.40.webp",
        "title": "网纱连衣裙亮片仙女闪亮五角星梦幻星空裙超仙高腰显瘦中长裙子",
        "pv": "71",
        "price": "99",
        "fav": "266"
      },
      {
        "img": "https://s11.mogucdn.com/mlcdn/c45406/190704_1gic4e3f6ihlf9ce450j9fckbh1i1_640x840.jpg_640x854.v1cAC.40.webp",
        "title": "网纱连衣裙亮片仙女闪亮五角星梦幻星空裙超仙高腰显瘦中长裙子",
        "pv": "71",
        "price": "99",
        "fav": "266"
      },
      {
        "img": "https://s11.mogucdn.com/mlcdn/c45406/190701_3jllk73agf01k43hfgj99k0105ba6_640x640.jpg_640x854.v1cAC.40.webp",
        "title": "网纱连衣裙亮片仙女闪亮五角星梦幻星空裙超仙高腰显瘦中长裙子",
        "pv": "71",
        "price": "99",
        "fav": "266"
      },
      {
        "img": "https://s11.mogucdn.com/mlcdn/c45406/190707_855geh8jh4j1h3gl4l775f4j97alh_640x960.jpg_640x854.v1cAC.40.webp",
        "title": "网纱连衣裙亮片仙女闪亮五角星梦幻星空裙超仙高腰显瘦中长裙子",
        "pv": "71",
        "price": "99",
        "fav": "266"
      },
      {
        "img": "https://s11.mogucdn.com/mlcdn/c45406/190707_855geh8jh4j1h3gl4l775f4j97alh_640x960.jpg_640x854.v1cAC.40.webp",
        "title": "网纱连衣裙亮片仙女闪亮五角星梦幻星空裙超仙高腰显瘦中长裙子",
        "pv": "71",
        "price": "99",
        "fav": "266"
      }
    ]
  }
}
