{
  "data": [{
      "img": "https://s11.mogucdn.com/mlcdn/17f85e/190718_53blcdb54aa08ldk85l5180cfj312_640x960.jpg_360x480.v1cAC.40.webp",
      "title": "热卖",
      "title1": "韩版长袖V领蕾丝白色长袖衬衫女装宽松春秋季内搭显瘦套头打底衫",
      "money": [
        "¥49.9",
        "1057"
      ],
      "id": "2"
    },
    {
      "img": "https://s11.mogucdn.com/mlcdn/c45406/190622_804lg8g6djbgdl880cclb4flk78h7_640x960.jpg_360x480.v1cAC.40.webp",
      "title": "热卖",
      "title1": "网红纯棉短袖吨恤女装2019新款宽松学生牛油果绿抹茶绿上衣风",
      "money": [
        "¥39.9",
        "248"
      ],
      "id": "1"
    },

    {
      "img": "https://s11.mogucdn.com/mlcdn/55cf19/190625_3l00hkcg4k7jdhc25c5f8b99f0cf2_640x960.jpg_360x480.v1cAC.40.webp",
      "title": "热卖",
      "title1": "夏季新款法式小众名媛风郭郭定制国民妖精带盐裙漏背系带连衣裙女",
      "money": [
        "¥109.2",
        "1053"
      ],
      "id": "3"
    },
    {
      "img": "https://s11.mogucdn.com/mlcdn/c45406/190604_5h559c5k1dfikf25j0d8fcd97jic6_640x960.jpg_360x480.v1cAC.40.webp",
      "title": "热卖",
      "title1": "时尚套装女2019夏流行女装洋气减龄阔腿裤两件套女神显瘦套装",
      "money": [
        "¥84",
        "3412"
      ],
      "id": "4"
    },
    {
      "img": "https://s11.mogucdn.com/mlcdn/c45406/190622_804lg8g6djbgdl880cclb4flk78h7_640x960.jpg_360x480.v1cAC.40.webp",
      "title": "热卖",
      "title1": "网红纯棉短袖吨恤女装2019新款宽松学生牛油果绿抹茶绿上衣风",
      "money": [
        "¥39.9",
        "248"
      ],
      "id": "1"
    },
    {
      "img": "https://s11.mogucdn.com/mlcdn/17f85e/190718_53blcdb54aa08ldk85l5180cfj312_640x960.jpg_360x480.v1cAC.40.webp",
      "title": "热卖",
      "title1": "韩版长袖V领蕾丝白色长袖衬衫女装宽松春秋季内搭显瘦套头打底衫",
      "money": [
        "¥49.9",
        "1057"
      ],
      "id": "2"
    },
    {
      "img": "https://s11.mogucdn.com/mlcdn/55cf19/190625_3l00hkcg4k7jdhc25c5f8b99f0cf2_640x960.jpg_360x480.v1cAC.40.webp",
      "title": "热卖",
      "title1": "夏季新款法式小众名媛风郭郭定制国民妖精带盐裙漏背系带连衣裙女",
      "money": [
        "¥109.2",
        "1053"
      ],
      "id": "3"
    },
    {
      "img": "https://s11.mogucdn.com/mlcdn/c45406/190604_5h559c5k1dfikf25j0d8fcd97jic6_640x960.jpg_360x480.v1cAC.40.webp",
      "title": "热卖",
      "title1": "时尚套装女2019夏流行女装洋气减龄阔腿裤两件套女神显瘦套装",
      "money": [
        "¥84",
        "3412"
      ],
      "id": "4"
    },
    {
      "img": "https://s11.mogucdn.com/mlcdn/c45406/190622_804lg8g6djbgdl880cclb4flk78h7_640x960.jpg_360x480.v1cAC.40.webp",
      "title": "热卖",
      "title1": "网红纯棉短袖吨恤女装2019新款宽松学生牛油果绿抹茶绿上衣风",
      "money": [
        "¥39.9",
        "248"
      ],
      "id": "1"
    },
    {
      "img": "https://s11.mogucdn.com/mlcdn/17f85e/190718_53blcdb54aa08ldk85l5180cfj312_640x960.jpg_360x480.v1cAC.40.webp",
      "title": "热卖",
      "title1": "韩版长袖V领蕾丝白色长袖衬衫女装宽松春秋季内搭显瘦套头打底衫",
      "money": [
        "¥49.9",
        "1057"
      ],
      "id": "2"
    },
    {
      "img": "https://s11.mogucdn.com/mlcdn/55cf19/190625_3l00hkcg4k7jdhc25c5f8b99f0cf2_640x960.jpg_360x480.v1cAC.40.webp",
      "title": "热卖",
      "title1": "夏季新款法式小众名媛风郭郭定制国民妖精带盐裙漏背系带连衣裙女",
      "money": [
        "¥109.2",
        "1053"
      ],
      "id": "3"
    },
    {
      "img": "https://s11.mogucdn.com/mlcdn/c45406/190604_5h559c5k1dfikf25j0d8fcd97jic6_640x960.jpg_360x480.v1cAC.40.webp",
      "title": "热卖",
      "title1": "时尚套装女2019夏流行女装洋气减龄阔腿裤两件套女神显瘦套装",
      "money": [
        "¥84",
        "3412"
      ],
      "id": "4"
    },
    {
      "img": "https://s11.mogucdn.com/mlcdn/c45406/190604_5h559c5k1dfikf25j0d8fcd97jic6_640x960.jpg_360x480.v1cAC.40.webp",
      "title1": "时尚套装女2019夏流行女装洋气减龄阔腿裤两件套女神显瘦套装",
      "money": [
        "¥84",
        "3412"
      ],
      "id": "4"
    }
  ]
}
