{
  "data": [{
      "p": "新人福利",
      "url": "HomeContent1",
      "img": "https://s10.mogucdn.com/mlcdn/c45406/190718_8e55c1fjckjb7gji0ajlf3aa0010c_150x150.gif_640x640.v1cAC.40.webp"
    },
    {
      "p": "女装",
      "url": "Item01",
      "img": "https://s10.mogucdn.com/mlcdn/c45406/190702_5gc489a8e9ihjc75id9855ih7e7aa_150x150.jpg_640x640.v1cAC.40.webp"
    },
    {
      "p": "上衣",
      "url": "Item01",
      "img": "https://s10.mogucdn.com/mlcdn/c45406/190702_7606lfhjd0d65bi663996c7i7cd7i_150x150.jpg_640x640.v1cAC.40.webp"
    },
    {
      "p": "裤子",
      "url": "Item01",
      "img": "https://s10.mogucdn.com/mlcdn/c45406/190627_44ici7579i04k67596ifed5e3a3jc_150x150.jpg_640x640.v1cAC.40.webp"
    },
    {
      "p": "裙子",
      "url": "Item01",
      "img": "https://s10.mogucdn.com/mlcdn/c45406/190702_0edi982h99ca9dk254h8bckdil0gf_150x150.jpg_640x640.v1cAC.40.webp"
    },
    {
      "p": "套装",
      "url": "Item01",
      "img": "https://s10.mogucdn.com/mlcdn/c45406/190702_326ihcfk2g36d309ihlljebk30e68_150x150.jpg_640x640.v1cAC.40.webp"
    },
    {
      "p": "女鞋",
      "url": "Item01",
      "img": "https://s10.mogucdn.com/mlcdn/c45406/190627_4da56f682d0gi0f5b474943hb76jk_150x150.jpg_640x640.v1cAC.40.webp"
    },
    {
      "p": "美妆/个护",
      "url": "Item01",
      "img": "https://s10.mogucdn.com/mlcdn/c45406/190627_453h1450k9j52k5fl1l1d33c40j5a_150x150.jpg_640x640.v1cAC.40.webp"
    },
    {
      "p": "包包",
      "url": "Item01",
      "img": "https://s10.mogucdn.com/mlcdn/c45406/190627_11fi4352el0f0ea614ekf48cicgch_150x150.jpg_640x640.v1cAC.40.webp"
    },
    {
      "p": "配饰",
      "url": "Item01",
      "img": "https://s10.mogucdn.com/mlcdn/c45406/190627_6il8cab37b6f2k66ebh0lj90027f6_150x150.jpg_640x640.v1cAC.40.webp"
    },
    {
      "p": "内衣",
      "url": "Item01",
      "img": "https://s10.mogucdn.com/mlcdn/c45406/190627_82c3g6a7h11g4148g4g2j18b01533_150x150.jpg_640x640.v1cAC.40.webp"
    },
    {
      "p": "男友",
      "url": "Item01",
      "img": "https://s10.mogucdn.com/mlcdn/c45406/190627_2heb1gel19a6kj606b8lah6fd8bg4_150x150.jpg_640x640.v1cAC.40.webp"
    },
    {
      "p": "家居",
      "url": "Item01",
      "img": "https://s10.mogucdn.com/mlcdn/c45406/190627_76728k984b05e9b79i4gc8bjl67ie_150x150.jpg_640x640.v1cAC.40.webp"
    },
    {
      "p": "母婴",
      "url": "Item01",
      "img": "https://s10.mogucdn.com/mlcdn/c45406/190627_481126ljilhk8ll83l34lkd81eek8_150x150.jpg_640x640.v1cAC.40.webp"
    },
    {
      "p": "签到",
      "url": "HomeContent15",
      "img": "https://s10.mogucdn.com/mlcdn/c45406/190627_38jgb50a9heiifh8a4e906adcfc3g_150x150.jpg_640x640.v1cAC.40.webp"
    }
  ]
}
