{
  "tei": "",
  "data": [{
      "pic": "http://s3.mogucdn.com/mlcdn/c45406/190718_3c8ccd45dgj280gf14g6jheh00flf_400x400.jpg_100x100.jpg",
      "pic2": "https://s3.mogucdn.com/mlcdn/c45406/190711_6lieijak8e0fh7a3f37ei8652i7d8_1404x800.jpg_750x500.jpg",
      "id": "Angel大大a_兰兰",
      "rs": "2.9w",
      "text": "小核酸让你白成一道光",
      "img1": "https://s11.mogucdn.com/mlcdn/c45406/190608_7ehje4bgl0kg07i9hee911gh2ige1_2000x3000.jpg_100x100.jpg",
      "img2": "https://s3.mogucdn.com/mlcdn/c45406/190520_58e1bh9j06hgi4led1e0k9df415el_2000x3000.jpg_100x100.jpg",
      "img3": "https://s5.mogucdn.com/mlcdn/c45406/190709_283j2ha40j95h4jf1fkdkkaflb43e_1142x1740.jpg_100x100.jpg",
      "money1": "¥99",
      "money2": "¥3",
      "money3": "¥5",
      "imgs1": "https://s11.mogucdn.com/mlcdn/5abf39/180421_3i3jf5blb7die22e5e03339h7h3j0_400x400.jpg_100x100.jpg",
      "imgs2": "https://s5.mogucdn.com/mlcdn/5abf39/180103_18jfka03fiidkjc273i6aeacg888h_950x950.jpg_100x100.jpg",
      "imgs3": "https://s3.mogucdn.com/mlcdn/5abf39/181020_375jehh7e69l2ldki8gh1ef703c64_132x132.jpg_100x100.jpg",
      "ttx1": "很好看喜欢...",
      "ttx2": "穿多大",
      "ttx3": "大概价钱."
    },
    {
      "pic": "http://s3.mogucdn.com/mlcdn/c45406/190710_50feild7lkcdjgd8ehaa6jibi7674_400x400.jpg_100x100.jpg",
      "pic2": "http://s3.mogucdn.com/mlcdn/c45406/190419_2h0bd0360k9hj1flgl6dlfaj7gg67_1242x828.jpg_750x500.jpg",
      "id": "美少女的店s",
      "rs": "3.2w",
      "text": "原产地珠宝专场随意送",
      "img1": "https://s11.mogucdn.com/mlcdn/c45406/190719_5kglg3cd64kb87g73jf53ikj5ele5_640x850.jpg_100x100.jpg",
      "img2": "https://s11.mogucdn.com/mlcdn/c45406/190722_8fg5681ljkjd8c6704i854d270e82_1512x1512.jpg_100x100.jpg",
      "img3": "https://s5.mogucdn.com/mlcdn/c45406/190722_85f90gg37bga7ka72cdae0f54j4g9_1512x1512.jpg_100x100.jpg",
      "money1": "¥9",
      "money2": "¥23",
      "money3": "¥5",
      "imgs1": "https://s11.mogucdn.com/mlcdn/5abf39/180421_3i3jf5blb7die22e5e03339h7h3j0_400x400.jpg_100x100.jpg",
      "imgs2": "https://s5.mogucdn.com/mlcdn/5abf39/180103_18jfka03fiidkjc273i6aeacg888h_950x950.jpg_100x100.jpg",
      "imgs3": "https://s3.mogucdn.com/mlcdn/5abf39/181020_375jehh7e69l2ldki8gh1ef703c64_132x132.jpg_100x100.jpg",
      "ttx1": "很好看喜欢...",
      "ttx2": "穿多大",
      "ttx3": "大概价钱."
    },
    {
      "pic": "http://s3.mogucdn.com/mlcdn/5abf39/181018_3b5hgj0l906a162hg5dc0bjd1e0ad_400x400.jpg_100x100.jpg",
      "pic2": "https://s17.mogucdn.com/mlcdn/c45406/180804_021cglg0lgcl35df8af3853c3l85e_4032x3024.jpg_750x500.jpg",
      "id": "秀秀Suliny",
      "rs": "2.2w",
      "text": "🔥活动日 今天太便宜了",
      "img1": "https://s11.mogucdn.com/mlcdn/c45406/190719_7ia84dh205dhe41d1988090f2a275_1080x1440.jpg_100x100.jpg",
      "img2": "https://s11.mogucdn.com/mlcdn/c45406/190517_2ag5c3j080ldf7g722kjej1jj0edk_640x960.jpg_100x100.jpg",
      "img3": "https://s3.mogucdn.com/mlcdn/c45406/190711_70aekcdh7j3ack2i9he7f4cac3d16_646x651.jpg_100x100.jpg",
      "money1": "¥29",
      "money2": "¥33",
      "money3": "¥52",
      "imgs1": "https://s11.mogucdn.com/mlcdn/5abf39/180421_3i3jf5blb7die22e5e03339h7h3j0_400x400.jpg_100x100.jpg",
      "imgs2": "https://s5.mogucdn.com/mlcdn/5abf39/180103_18jfka03fiidkjc273i6aeacg888h_950x950.jpg_100x100.jpg",
      "imgs3": "https://s3.mogucdn.com/mlcdn/5abf39/181020_375jehh7e69l2ldki8gh1ef703c64_132x132.jpg_100x100.jpg",
      "ttx1": "很好看喜欢...",
      "ttx2": "穿多大",
      "ttx3": "大概价钱."
    },
    {
      "pic": "http://s3.mogucdn.com/mlcdn/c45406/190718_3c8ccd45dgj280gf14g6jheh00flf_400x400.jpg_100x100.jpg",
      "pic2": "https://s3.mogucdn.com/mlcdn/c45406/190711_6lieijak8e0fh7a3f37ei8652i7d8_1404x800.jpg_750x500.jpg",
      "id": "Angel大大a_兰兰",
      "rs": "2.9w",
      "text": "小核酸让你白成一道光",
      "img1": "https://s11.mogucdn.com/mlcdn/c45406/190608_7ehje4bgl0kg07i9hee911gh2ige1_2000x3000.jpg_100x100.jpg",
      "img2": "https://s3.mogucdn.com/mlcdn/c45406/190520_58e1bh9j06hgi4led1e0k9df415el_2000x3000.jpg_100x100.jpg",
      "img3": "https://s5.mogucdn.com/mlcdn/c45406/190709_283j2ha40j95h4jf1fkdkkaflb43e_1142x1740.jpg_100x100.jpg",
      "money1": "¥99",
      "money2": "¥3",
      "money3": "¥5",
      "imgs1": "https://s11.mogucdn.com/mlcdn/5abf39/180421_3i3jf5blb7die22e5e03339h7h3j0_400x400.jpg_100x100.jpg",
      "imgs2": "https://s5.mogucdn.com/mlcdn/5abf39/180103_18jfka03fiidkjc273i6aeacg888h_950x950.jpg_100x100.jpg",
      "imgs3": "https://s3.mogucdn.com/mlcdn/5abf39/181020_375jehh7e69l2ldki8gh1ef703c64_132x132.jpg_100x100.jpg",
      "ttx1": "很好看喜欢...",
      "ttx2": "穿多大",
      "ttx3": "大概价钱."
    },
    {
      "pic": "http://s3.mogucdn.com/mlcdn/c45406/190710_50feild7lkcdjgd8ehaa6jibi7674_400x400.jpg_100x100.jpg",
      "pic2": "http://s3.mogucdn.com/mlcdn/c45406/190419_2h0bd0360k9hj1flgl6dlfaj7gg67_1242x828.jpg_750x500.jpg",
      "id": "美少女的店s",
      "rs": "3.2w",
      "text": "原产地珠宝专场随意送",
      "img1": "https://s11.mogucdn.com/mlcdn/c45406/190719_5kglg3cd64kb87g73jf53ikj5ele5_640x850.jpg_100x100.jpg",
      "img2": "https://s11.mogucdn.com/mlcdn/c45406/190722_8fg5681ljkjd8c6704i854d270e82_1512x1512.jpg_100x100.jpg",
      "img3": "https://s5.mogucdn.com/mlcdn/c45406/190722_85f90gg37bga7ka72cdae0f54j4g9_1512x1512.jpg_100x100.jpg",
      "money1": "¥9",
      "money2": "¥23",
      "money3": "¥5",
      "imgs1": "https://s11.mogucdn.com/mlcdn/5abf39/180421_3i3jf5blb7die22e5e03339h7h3j0_400x400.jpg_100x100.jpg",
      "imgs2": "https://s5.mogucdn.com/mlcdn/5abf39/180103_18jfka03fiidkjc273i6aeacg888h_950x950.jpg_100x100.jpg",
      "imgs3": "https://s3.mogucdn.com/mlcdn/5abf39/181020_375jehh7e69l2ldki8gh1ef703c64_132x132.jpg_100x100.jpg",
      "ttx1": "很好看喜欢...",
      "ttx2": "穿多大",
      "ttx3": "大概价钱."
    },
    {
      "pic": "http://s3.mogucdn.com/mlcdn/5abf39/181018_3b5hgj0l906a162hg5dc0bjd1e0ad_400x400.jpg_100x100.jpg",
      "pic2": "https://s17.mogucdn.com/mlcdn/c45406/180804_021cglg0lgcl35df8af3853c3l85e_4032x3024.jpg_750x500.jpg",
      "id": "秀秀Suliny",
      "rs": "2.2w",
      "text": "🔥活动日 今天太便宜了",
      "img1": "https://s11.mogucdn.com/mlcdn/c45406/190719_7ia84dh205dhe41d1988090f2a275_1080x1440.jpg_100x100.jpg",
      "img2": "https://s11.mogucdn.com/mlcdn/c45406/190517_2ag5c3j080ldf7g722kjej1jj0edk_640x960.jpg_100x100.jpg",
      "img3": "https://s3.mogucdn.com/mlcdn/c45406/190711_70aekcdh7j3ack2i9he7f4cac3d16_646x651.jpg_100x100.jpg",
      "money1": "¥29",
      "money2": "¥33",
      "money3": "¥52",
      "imgs1": "https://s11.mogucdn.com/mlcdn/5abf39/180421_3i3jf5blb7die22e5e03339h7h3j0_400x400.jpg_100x100.jpg",
      "imgs2": "https://s5.mogucdn.com/mlcdn/5abf39/180103_18jfka03fiidkjc273i6aeacg888h_950x950.jpg_100x100.jpg",
      "imgs3": "https://s3.mogucdn.com/mlcdn/5abf39/181020_375jehh7e69l2ldki8gh1ef703c64_132x132.jpg_100x100.jpg",
      "ttx1": "很好看喜欢...",
      "ttx2": "穿多大",
      "ttx3": "大概价钱."
    }
  ],
  "data2": [{
      "pic": "http://s3.mogucdn.com/mlcdn/c45406/190710_50feild7lkcdjgd8ehaa6jibi7674_400x400.jpg_100x100.jpg",
      "pic2": "http://s17.mogucdn.com/mlcdn/c45406/180803_7j15bfl56422k8bfdgd0k0iid22gd_1242x828.jpg_750x500.jpg",
      "id": "Angel大大a_兰兰",
      "rs": "2.9w",
      "text": "小核酸让你白成一道光",
      "img1": "https://s11.mogucdn.com/mlcdn/c45406/190608_7ehje4bgl0kg07i9hee911gh2ige1_2000x3000.jpg_100x100.jpg",
      "img2": "https://s3.mogucdn.com/mlcdn/c45406/190520_58e1bh9j06hgi4led1e0k9df415el_2000x3000.jpg_100x100.jpg",
      "img3": "https://s5.mogucdn.com/mlcdn/c45406/190709_283j2ha40j95h4jf1fkdkkaflb43e_1142x1740.jpg_100x100.jpg",
      "money1": "¥99",
      "money2": "¥3",
      "money3": "¥5",
      "imgs1": "https://s11.mogucdn.com/mlcdn/5abf39/180421_3i3jf5blb7die22e5e03339h7h3j0_400x400.jpg_100x100.jpg",
      "imgs2": "https://s5.mogucdn.com/mlcdn/5abf39/180103_18jfka03fiidkjc273i6aeacg888h_950x950.jpg_100x100.jpg",
      "imgs3": "https://s3.mogucdn.com/mlcdn/5abf39/181020_375jehh7e69l2ldki8gh1ef703c64_132x132.jpg_100x100.jpg",
      "ttx1": "很好看喜欢...",
      "ttx2": "穿多大",
      "ttx3": "大概价钱."
    },
    {
      "pic": "http://s3.mogucdn.com/mlcdn/5abf39/190502_78f45jg57ie5cbbda38h9ajdcg10i_400x400.jpg_100x100.jpg",
      "pic2": "http://s11.mogucdn.com/mlcdn/c45406/190424_0cak9iadld4j4fgk48ikf1hfchegf_1125x1500.jpg_750x500.jpg",
      "id": "美少女的店s",
      "rs": "3.2w",
      "text": "原产地珠宝专场随意送",
      "img1": "https://s11.mogucdn.com/mlcdn/c45406/190719_5kglg3cd64kb87g73jf53ikj5ele5_640x850.jpg_100x100.jpg",
      "img2": "https://s11.mogucdn.com/mlcdn/c45406/190722_8fg5681ljkjd8c6704i854d270e82_1512x1512.jpg_100x100.jpg",
      "img3": "https://s5.mogucdn.com/mlcdn/c45406/190722_85f90gg37bga7ka72cdae0f54j4g9_1512x1512.jpg_100x100.jpg",
      "money1": "¥9",
      "money2": "¥23",
      "money3": "¥5",
      "imgs1": "https://s11.mogucdn.com/mlcdn/5abf39/180421_3i3jf5blb7die22e5e03339h7h3j0_400x400.jpg_100x100.jpg",
      "imgs2": "https://s5.mogucdn.com/mlcdn/5abf39/180103_18jfka03fiidkjc273i6aeacg888h_950x950.jpg_100x100.jpg",
      "imgs3": "https://s3.mogucdn.com/mlcdn/5abf39/181020_375jehh7e69l2ldki8gh1ef703c64_132x132.jpg_100x100.jpg",
      "ttx1": "很好看喜欢...",
      "ttx2": "穿多大",
      "ttx3": "大概价钱."
    },
    {
      "pic": "http://s11.mogucdn.com/mlcdn/5abf39/170809_0hbd735g0a55b7k465ka2bflij9a8_400x400.jpg_100x100.jpg",
      "pic2": "http://s11.mogucdn.com/mlcdn/c45406/180725_5jf447hg90322g07d2l3226igja7j_480x273.jpg_750x500.jpg",
      "id": "秀秀Suliny",
      "rs": "2.2w",
      "text": "🔥活动日 今天太便宜了",
      "img1": "https://s11.mogucdn.com/mlcdn/c45406/190719_7ia84dh205dhe41d1988090f2a275_1080x1440.jpg_100x100.jpg",
      "img2": "https://s11.mogucdn.com/mlcdn/c45406/190517_2ag5c3j080ldf7g722kjej1jj0edk_640x960.jpg_100x100.jpg",
      "img3": "https://s3.mogucdn.com/mlcdn/c45406/190711_70aekcdh7j3ack2i9he7f4cac3d16_646x651.jpg_100x100.jpg",
      "money1": "¥29",
      "money2": "¥33",
      "money3": "¥52",
      "imgs1": "https://s11.mogucdn.com/mlcdn/5abf39/180421_3i3jf5blb7die22e5e03339h7h3j0_400x400.jpg_100x100.jpg",
      "imgs2": "https://s5.mogucdn.com/mlcdn/5abf39/180103_18jfka03fiidkjc273i6aeacg888h_950x950.jpg_100x100.jpg",
      "imgs3": "https://s3.mogucdn.com/mlcdn/5abf39/181020_375jehh7e69l2ldki8gh1ef703c64_132x132.jpg_100x100.jpg",
      "ttx1": "很好看喜欢...",
      "ttx2": "穿多大",
      "ttx3": "大概价钱."
    },
    {
      "pic": "http://s3.mogucdn.com/mlcdn/5abf39/190323_7fj9cgghdj13i02ad25a78al4g9i5_400x400.jpg_100x100.jpg",
      "pic2": "https://s3.mogucdn.com/mlcdn/c45406/190711_6lieijak8e0fh7a3f37ei8652i7d8_1404x800.jpg_750x500.jpg",
      "id": "Angel大大a_兰兰",
      "rs": "2.9w",
      "text": "小核酸让你白成一道光",
      "img1": "https://s11.mogucdn.com/mlcdn/c45406/190608_7ehje4bgl0kg07i9hee911gh2ige1_2000x3000.jpg_100x100.jpg",
      "img2": "https://s3.mogucdn.com/mlcdn/c45406/190520_58e1bh9j06hgi4led1e0k9df415el_2000x3000.jpg_100x100.jpg",
      "img3": "https://s5.mogucdn.com/mlcdn/c45406/190709_283j2ha40j95h4jf1fkdkkaflb43e_1142x1740.jpg_100x100.jpg",
      "money1": "¥99",
      "money2": "¥3",
      "money3": "¥5",
      "imgs1": "https://s11.mogucdn.com/mlcdn/5abf39/180421_3i3jf5blb7die22e5e03339h7h3j0_400x400.jpg_100x100.jpg",
      "imgs2": "https://s5.mogucdn.com/mlcdn/5abf39/180103_18jfka03fiidkjc273i6aeacg888h_950x950.jpg_100x100.jpg",
      "imgs3": "https://s3.mogucdn.com/mlcdn/5abf39/181020_375jehh7e69l2ldki8gh1ef703c64_132x132.jpg_100x100.jpg",
      "ttx1": "很好看喜欢...",
      "ttx2": "穿多大",
      "ttx3": "大概价钱."
    },
    {
      "pic": "http://s11.mogucdn.com/mlcdn/c45406/190701_7lb7g86g2633b7gfa3ah46f875c3k_400x400.jpg_100x100.jpg",
      "pic2": "https://s11.mogucdn.com/mlcdn/c45406/190714_17hkc5df9ee9ihik79ccj9di29gke_2265x2387.jpg_750x500.jpg",
      "id": "美少女的店s",
      "rs": "3.2w",
      "text": "原产地珠宝专场随意送",
      "img1": "https://s11.mogucdn.com/mlcdn/c45406/190719_5kglg3cd64kb87g73jf53ikj5ele5_640x850.jpg_100x100.jpg",
      "img2": "https://s11.mogucdn.com/mlcdn/c45406/190722_8fg5681ljkjd8c6704i854d270e82_1512x1512.jpg_100x100.jpg",
      "img3": "https://s5.mogucdn.com/mlcdn/c45406/190722_85f90gg37bga7ka72cdae0f54j4g9_1512x1512.jpg_100x100.jpg",
      "money1": "¥9",
      "money2": "¥23",
      "money3": "¥5",
      "imgs1": "https://s11.mogucdn.com/mlcdn/5abf39/180421_3i3jf5blb7die22e5e03339h7h3j0_400x400.jpg_100x100.jpg",
      "imgs2": "https://s5.mogucdn.com/mlcdn/5abf39/180103_18jfka03fiidkjc273i6aeacg888h_950x950.jpg_100x100.jpg",
      "imgs3": "https://s3.mogucdn.com/mlcdn/5abf39/181020_375jehh7e69l2ldki8gh1ef703c64_132x132.jpg_100x100.jpg",
      "ttx1": "很好看喜欢...",
      "ttx2": "穿多大",
      "ttx3": "大概价钱."
    },
    {
      "pic": "http://s3.mogucdn.com/mlcdn/5abf39/190530_4l6dk3i7eii0lbahgjk0hekj44ecf_400x400.jpg_100x100.jpg",
      "pic2": "https://s11.mogucdn.com/mlcdn/c45406/180829_65d6eif4e3lghkg5g2bg0h37d301i_1404x800.jpg_750x500.jpg",
      "id": "秀秀Suliny",
      "rs": "2.2w",
      "text": "🔥活动日 今天太便宜了",
      "img1": "https://s11.mogucdn.com/mlcdn/c45406/190719_7ia84dh205dhe41d1988090f2a275_1080x1440.jpg_100x100.jpg",
      "img2": "https://s11.mogucdn.com/mlcdn/c45406/190517_2ag5c3j080ldf7g722kjej1jj0edk_640x960.jpg_100x100.jpg",
      "img3": "https://s3.mogucdn.com/mlcdn/c45406/190711_70aekcdh7j3ack2i9he7f4cac3d16_646x651.jpg_100x100.jpg",
      "money1": "¥29",
      "money2": "¥33",
      "money3": "¥52",
      "imgs1": "https://s11.mogucdn.com/mlcdn/5abf39/180421_3i3jf5blb7die22e5e03339h7h3j0_400x400.jpg_100x100.jpg",
      "imgs2": "https://s5.mogucdn.com/mlcdn/5abf39/180103_18jfka03fiidkjc273i6aeacg888h_950x950.jpg_100x100.jpg",
      "imgs3": "https://s3.mogucdn.com/mlcdn/5abf39/181020_375jehh7e69l2ldki8gh1ef703c64_132x132.jpg_100x100.jpg",
      "ttx1": "很好看喜欢...",
      "ttx2": "穿多大",
      "ttx3": "大概价钱."
    }
  ],
  "data3": [{
      "pic": "http://s11.mogucdn.com/mlcdn/5abf39/170809_0hbd735g0a55b7k465ka2bflij9a8_400x400.jpg_100x100.jpg",
      "pic2": "http://s11.mogucdn.com/mlcdn/c45406/180831_6dhk62ggafc4hdlddki7d6fii29c3_750x750.jpg_750x500.jpg",
      "id": "Angel大大a_兰兰",
      "rs": "2.9w",
      "text": "小核酸让你白成一道光",
      "img1": "https://s11.mogucdn.com/mlcdn/c45406/190608_7ehje4bgl0kg07i9hee911gh2ige1_2000x3000.jpg_100x100.jpg",
      "img2": "https://s3.mogucdn.com/mlcdn/c45406/190520_58e1bh9j06hgi4led1e0k9df415el_2000x3000.jpg_100x100.jpg",
      "img3": "https://s5.mogucdn.com/mlcdn/c45406/190709_283j2ha40j95h4jf1fkdkkaflb43e_1142x1740.jpg_100x100.jpg",
      "money1": "¥99",
      "money2": "¥3",
      "money3": "¥5",
      "imgs1": "https://s11.mogucdn.com/mlcdn/5abf39/180421_3i3jf5blb7die22e5e03339h7h3j0_400x400.jpg_100x100.jpg",
      "imgs2": "https://s5.mogucdn.com/mlcdn/5abf39/180103_18jfka03fiidkjc273i6aeacg888h_950x950.jpg_100x100.jpg",
      "imgs3": "https://s3.mogucdn.com/mlcdn/5abf39/181020_375jehh7e69l2ldki8gh1ef703c64_132x132.jpg_100x100.jpg",
      "ttx1": "很好看喜欢...",
      "ttx2": "穿多大",
      "ttx3": "大概价钱."
    },
    {
      "pic": "http://s3.mogucdn.com/mlcdn/c45406/190718_3c8ccd45dgj280gf14g6jheh00flf_400x400.jpg_100x100.jpg",
      "pic2": "http://s3.mogucdn.com/mlcdn/c45406/180725_756di16h57959ek5h4e13a6ikfc2k_480x273.jpg_750x500.jpg",
      "id": "美少女的店s",
      "rs": "3.2w",
      "text": "原产地珠宝专场随意送",
      "img1": "https://s11.mogucdn.com/mlcdn/c45406/190719_5kglg3cd64kb87g73jf53ikj5ele5_640x850.jpg_100x100.jpg",
      "img2": "https://s11.mogucdn.com/mlcdn/c45406/190722_8fg5681ljkjd8c6704i854d270e82_1512x1512.jpg_100x100.jpg",
      "img3": "https://s5.mogucdn.com/mlcdn/c45406/190722_85f90gg37bga7ka72cdae0f54j4g9_1512x1512.jpg_100x100.jpg",
      "money1": "¥9",
      "money2": "¥23",
      "money3": "¥5",
      "imgs1": "https://s11.mogucdn.com/mlcdn/5abf39/180421_3i3jf5blb7die22e5e03339h7h3j0_400x400.jpg_100x100.jpg",
      "imgs2": "https://s5.mogucdn.com/mlcdn/5abf39/180103_18jfka03fiidkjc273i6aeacg888h_950x950.jpg_100x100.jpg",
      "imgs3": "https://s3.mogucdn.com/mlcdn/5abf39/181020_375jehh7e69l2ldki8gh1ef703c64_132x132.jpg_100x100.jpg",
      "ttx1": "很好看喜欢...",
      "ttx2": "穿多大",
      "ttx3": "大概价钱."
    },
    {
      "pic": "http://s3.mogucdn.com/mlcdn/5abf39/190408_4ajl7378i7fcea0e9187i2h88c95g_400x400.jpg_100x100.jpg",
      "pic2": "https://s5.mogucdn.com/mlcdn/c45406/180824_52kd9ef05bbcgd0kk4cf4ik99lifg_3000x2000.jpg_750x500.jpg",
      "id": "秀秀Suliny",
      "rs": "2.2w",
      "text": "🔥活动日 今天太便宜了",
      "img1": "https://s11.mogucdn.com/mlcdn/c45406/190719_7ia84dh205dhe41d1988090f2a275_1080x1440.jpg_100x100.jpg",
      "img2": "https://s11.mogucdn.com/mlcdn/c45406/190517_2ag5c3j080ldf7g722kjej1jj0edk_640x960.jpg_100x100.jpg",
      "img3": "https://s3.mogucdn.com/mlcdn/c45406/190711_70aekcdh7j3ack2i9he7f4cac3d16_646x651.jpg_100x100.jpg",
      "money1": "¥29",
      "money2": "¥33",
      "money3": "¥52",
      "imgs1": "https://s11.mogucdn.com/mlcdn/5abf39/180421_3i3jf5blb7die22e5e03339h7h3j0_400x400.jpg_100x100.jpg",
      "imgs2": "https://s5.mogucdn.com/mlcdn/5abf39/180103_18jfka03fiidkjc273i6aeacg888h_950x950.jpg_100x100.jpg",
      "imgs3": "https://s3.mogucdn.com/mlcdn/5abf39/181020_375jehh7e69l2ldki8gh1ef703c64_132x132.jpg_100x100.jpg",
      "ttx1": "很好看喜欢...",
      "ttx2": "穿多大",
      "ttx3": "大概价钱."
    },
    {
      "pic": "http://s3.mogucdn.com/mlcdn/5abf39/190720_85c263f2h7498i0a643g216j5f122_400x400.jpg_100x100.jpg",
      "pic2": "https://s3.mogucdn.com/mlcdn/c45406/190711_6lieijak8e0fh7a3f37ei8652i7d8_1404x800.jpg_750x500.jpg",
      "id": "Angel大大a_兰兰",
      "rs": "2.9w",
      "text": "小核酸让你白成一道光",
      "img1": "https://s11.mogucdn.com/mlcdn/c45406/190608_7ehje4bgl0kg07i9hee911gh2ige1_2000x3000.jpg_100x100.jpg",
      "img2": "https://s3.mogucdn.com/mlcdn/c45406/190520_58e1bh9j06hgi4led1e0k9df415el_2000x3000.jpg_100x100.jpg",
      "img3": "https://s5.mogucdn.com/mlcdn/c45406/190709_283j2ha40j95h4jf1fkdkkaflb43e_1142x1740.jpg_100x100.jpg",
      "money1": "¥99",
      "money2": "¥3",
      "money3": "¥5",
      "imgs1": "https://s11.mogucdn.com/mlcdn/5abf39/180421_3i3jf5blb7die22e5e03339h7h3j0_400x400.jpg_100x100.jpg",
      "imgs2": "https://s5.mogucdn.com/mlcdn/5abf39/180103_18jfka03fiidkjc273i6aeacg888h_950x950.jpg_100x100.jpg",
      "imgs3": "https://s3.mogucdn.com/mlcdn/5abf39/181020_375jehh7e69l2ldki8gh1ef703c64_132x132.jpg_100x100.jpg",
      "ttx1": "很好看喜欢...",
      "ttx2": "穿多大",
      "ttx3": "大概价钱."
    },
    {
      "pic": "http://s3.mogucdn.com/mlcdn/5abf39/181229_1l8g2bg9jgck5071kk52cd0aka124_400x400.jpg_100x100.jpg",
      "pic2": "https://s11.mogucdn.com/mlcdn/c45406/180802_503cel8g1je2kk73db6e8if8dalka_1404x800.jpg_750x500.jpg",
      "id": "美少女的店s",
      "rs": "3.2w",
      "text": "原产地珠宝专场随意送",
      "img1": "https://s11.mogucdn.com/mlcdn/c45406/190719_5kglg3cd64kb87g73jf53ikj5ele5_640x850.jpg_100x100.jpg",
      "img2": "https://s11.mogucdn.com/mlcdn/c45406/190722_8fg5681ljkjd8c6704i854d270e82_1512x1512.jpg_100x100.jpg",
      "img3": "https://s5.mogucdn.com/mlcdn/c45406/190722_85f90gg37bga7ka72cdae0f54j4g9_1512x1512.jpg_100x100.jpg",
      "money1": "¥9",
      "money2": "¥23",
      "money3": "¥5",
      "imgs1": "https://s11.mogucdn.com/mlcdn/5abf39/180421_3i3jf5blb7die22e5e03339h7h3j0_400x400.jpg_100x100.jpg",
      "imgs2": "https://s5.mogucdn.com/mlcdn/5abf39/180103_18jfka03fiidkjc273i6aeacg888h_950x950.jpg_100x100.jpg",
      "imgs3": "https://s3.mogucdn.com/mlcdn/5abf39/181020_375jehh7e69l2ldki8gh1ef703c64_132x132.jpg_100x100.jpg",
      "ttx1": "很好看喜欢...",
      "ttx2": "穿多大",
      "ttx3": "大概价钱."
    },
    {
      "pic": "http://s11.mogucdn.com/mlcdn/5abf39/180309_6h10831a9h2e7906h6ld6h1e4cj41_400x400.jpg_100x100.jpg",
      "pic2": "http://s11.mogucdn.com/mlcdn/c45406/180809_7lc8972048ce27ijfj2i638f06e46_1242x708.jpg_750x500.jpg",
      "id": "秀秀Suliny",
      "rs": "2.2w",
      "text": "🔥活动日 今天太便宜了",
      "img1": "https://s11.mogucdn.com/mlcdn/c45406/190719_7ia84dh205dhe41d1988090f2a275_1080x1440.jpg_100x100.jpg",
      "img2": "https://s11.mogucdn.com/mlcdn/c45406/190517_2ag5c3j080ldf7g722kjej1jj0edk_640x960.jpg_100x100.jpg",
      "img3": "https://s3.mogucdn.com/mlcdn/c45406/190711_70aekcdh7j3ack2i9he7f4cac3d16_646x651.jpg_100x100.jpg",
      "money1": "¥29",
      "money2": "¥33",
      "money3": "¥52",
      "imgs1": "https://s11.mogucdn.com/mlcdn/5abf39/180421_3i3jf5blb7die22e5e03339h7h3j0_400x400.jpg_100x100.jpg",
      "imgs2": "https://s5.mogucdn.com/mlcdn/5abf39/180103_18jfka03fiidkjc273i6aeacg888h_950x950.jpg_100x100.jpg",
      "imgs3": "https://s3.mogucdn.com/mlcdn/5abf39/181020_375jehh7e69l2ldki8gh1ef703c64_132x132.jpg_100x100.jpg",
      "ttx1": "很好看喜欢...",
      "ttx2": "穿多大",
      "ttx3": "大概价钱."
    }
  ]
}
