{
    "title": "https://s11.mogucdn.com/mlcdn/c45406/190628_7d216h9adfb7gb8jeehdje0k81gaj_750x494.jpg_999x999.v1c0.81.webp",
    "data": [
        {
            "pic": "https://s17.mogucdn.com/p1/160601/140118891_ifrwgmddgyztamtfhazdambqhayde_640x960.jpg_500x9999.v1c7E.81.webp",
            "p": "已售924件",
            "text": "夏季新款韩版宽松学生百搭纯棉字母印花小清新黄色短袖T恤女",
            "span1": "有好货",
            "span2": "¥39.9",
            "span3": "¥57"
        },
        {
            "pic": "https://s18.mogucdn.com/mlcdn/55cf19/190716_1886i81ga45c4dbbk3lcddhk1led2_640x960.jpg_500x9999.v1c7E.81.webp",
            "p": "已售102件",
            "text": "2019夏新款韩版泫雅同款彩虹条纹撞色打底背心吊带女外穿小衫",
            "span1": "有好货",
            "span2": "¥35",
            "span3": "¥70"
        },
        {
            "pic": "https://s2.mogucdn.com/mlcdn/c45406/190716_3bc830400ak5jk7k7la1khcj98h47_640x960.jpg_500x9999.v1c7E.81.webp",
            "p": "已售14件",
            "text": "夏季韩版2019新款可爱卡通印花中长款宽松小心机破洞短袖T恤",
            "span1": "有好货",
            "span2": "¥59.98",
            "span3": "¥86"
        },
        {
            "pic": "https://s2.mogucdn.com/mlcdn/c45406/190621_56dkhiai09hkfea2k5ki03hl4j30b_640x960.jpg_500x9999.v1c7E.81.webp",
            "p": "已售1613件",
            "text": "【2件69元】2019新款纯棉宽松潮牛油果抹茶绿短袖t恤女",
            "span1": "有好货",
            "span2": "¥45",
            "span3": "¥65"
        },
        {
            "pic": "https://s17.mogucdn.com/p1/160601/140118891_ifrwgmddgyztamtfhazdambqhayde_640x960.jpg_500x9999.v1c7E.81.webp",
            "p": "已售924件",
            "text": "夏季新款韩版宽松学生百搭纯棉字母印花小清新黄色短袖T恤女",
            "span1": "有好货",
            "span2": "¥39.9",
            "span3": "¥57"
        },
        {
            "pic": "https://s18.mogucdn.com/mlcdn/55cf19/190716_1886i81ga45c4dbbk3lcddhk1led2_640x960.jpg_500x9999.v1c7E.81.webp",
            "p": "已售102件",
            "text": "2019夏新款韩版泫雅同款彩虹条纹撞色打底背心吊带女外穿小衫",
            "span1": "有好货",
            "span2": "¥35",
            "span3": "¥70"
        },
        {
            "pic": "https://s2.mogucdn.com/mlcdn/c45406/190716_3bc830400ak5jk7k7la1khcj98h47_640x960.jpg_500x9999.v1c7E.81.webp",
            "p": "已售14件",
            "text": "夏季韩版2019新款可爱卡通印花中长款宽松小心机破洞短袖T恤",
            "span1": "有好货",
            "span2": "¥59.98",
            "span3": "¥86"
        },
        {
            "pic": "https://s2.mogucdn.com/mlcdn/c45406/190621_56dkhiai09hkfea2k5ki03hl4j30b_640x960.jpg_500x9999.v1c7E.81.webp",
            "p": "已售1613件",
            "text": "【2件69元】2019新款纯棉宽松潮牛油果抹茶绿短袖t恤女",
            "span1": "有好货",
            "span2": "¥45",
            "span3": "¥65"
        },
        {
            "pic": "https://s17.mogucdn.com/p1/160601/140118891_ifrwgmddgyztamtfhazdambqhayde_640x960.jpg_500x9999.v1c7E.81.webp",
            "p": "已售924件",
            "text": "夏季新款韩版宽松学生百搭纯棉字母印花小清新黄色短袖T恤女",
            "span1": "有好货",
            "span2": "¥39.9",
            "span3": "¥57"
        },
        {
            "pic": "https://s18.mogucdn.com/mlcdn/55cf19/190716_1886i81ga45c4dbbk3lcddhk1led2_640x960.jpg_500x9999.v1c7E.81.webp",
            "p": "已售102件",
            "text": "2019夏新款韩版泫雅同款彩虹条纹撞色打底背心吊带女外穿小衫",
            "span1": "有好货",
            "span2": "¥35",
            "span3": "¥70"
        },
        {
            "pic": "https://s2.mogucdn.com/mlcdn/c45406/190716_3bc830400ak5jk7k7la1khcj98h47_640x960.jpg_500x9999.v1c7E.81.webp",
            "p": "已售14件",
            "text": "夏季韩版2019新款可爱卡通印花中长款宽松小心机破洞短袖T恤",
            "span1": "有好货",
            "span2": "¥59.98",
            "span3": "¥86"
        },
        {
            "pic": "https://s2.mogucdn.com/mlcdn/c45406/190621_56dkhiai09hkfea2k5ki03hl4j30b_640x960.jpg_500x9999.v1c7E.81.webp",
            "p": "已售1613件",
            "text": "【2件69元】2019新款纯棉宽松潮牛油果抹茶绿短袖t恤女",
            "span1": "有好货",
            "span2": "¥45",
            "span3": "¥65"
        }
    ]
}