{
    "title": "https://s10.mogucdn.com/mlcdn/c45406/190716_23669cfc17ffhf1375822ah9fk6hf_750x300.jpg_999x999.v1c0.81.webp",
    "data": [
        {
            "pic": "https://s3.mogucdn.com/mlcdn/c45406/190615_5949bf340cid9abi3gib5k6h2ef53_640x960.jpg_360x540.v1cAC.40.webp",
            "p1": "夏季牛油果绿连衣裙A字裙中长裙收腰仙女超仙短袖雪纺高腰公主裙",
            "p2": "今日热度：",
            "span1": "热销价",
            "span2": "¥99.00",
            "span3": "¥141.43",
            "box": "立即购买"
        },
        {
            "pic": "https://s11.mogucdn.com/mlcdn/c45406/190704_4l6l85je8h1d9kdg6323d07759kh4_640x960.jpg_360x540.v1cAC.40.webp",
            "p1": "夏季新款气质法国小众白色度假仙女裙女收腰中长款a字短袖连衣裙",
            "p2": "今日热度：",
            "span1": "热销价",
            "span2": "¥69.00",
            "span3": "¥98.58",
            "box": "立即购买"
        },
        {
            "pic": "https://s3.mogucdn.com/mlcdn/c45406/190627_8a7660l1j4kbf424h3ii404cc26k6_640x960.jpg_360x540.v1cAC.40.webp",
            "p1": "小清新牛油果绿新款连衣裙夏季小个子福利收腰显瘦蝴蝶结腰带裙子",
            "p2": "今日热度：",
            "span1": "热销价",
            "span2": "¥69.00",
            "span3": "¥98.58",
            "box": "立即购买"
        },
        {
            "pic": "https://s3.mogucdn.com/mlcdn/c45406/190330_01bhke8fg6l3i7e69a620g7k7g3bk_640x960.jpg_360x540.v1cAC.40.webp",
            "p1": "修身显瘦不规则包臀裙子气质小心机设计感短袖V领连衣裙夏装潮",
            "p2": "今日热度：",
            "span1": "热销价",
            "span2": "¥69.70",
            "span3": "¥99.58",
            "box": "立即购买"
        },
        {
            "pic": "https://s3.mogucdn.com/mlcdn/c45406/190615_5949bf340cid9abi3gib5k6h2ef53_640x960.jpg_360x540.v1cAC.40.webp",
            "p1": "夏季牛油果绿连衣裙A字裙中长裙收腰仙女超仙短袖雪纺高腰公主裙",
            "p2": "今日热度：",
            "span1": "热销价",
            "span2": "¥99.00",
            "span3": "¥141.43",
            "box": "立即购买"
        },
        {
            "pic": "https://s11.mogucdn.com/mlcdn/c45406/190704_4l6l85je8h1d9kdg6323d07759kh4_640x960.jpg_360x540.v1cAC.40.webp",
            "p1": "夏季新款气质法国小众白色度假仙女裙女收腰中长款a字短袖连衣裙",
            "p2": "今日热度：",
            "span1": "热销价",
            "span2": "¥69.00",
            "span3": "¥98.58",
            "box": "立即购买"
        },
        {
            "pic": "https://s3.mogucdn.com/mlcdn/c45406/190627_8a7660l1j4kbf424h3ii404cc26k6_640x960.jpg_360x540.v1cAC.40.webp",
            "p1": "小清新牛油果绿新款连衣裙夏季小个子福利收腰显瘦蝴蝶结腰带裙子",
            "p2": "今日热度：",
            "span1": "热销价",
            "span2": "¥69.00",
            "span3": "¥98.58",
            "box": "立即购买"
        },
        {
            "pic": "https://s3.mogucdn.com/mlcdn/c45406/190330_01bhke8fg6l3i7e69a620g7k7g3bk_640x960.jpg_360x540.v1cAC.40.webp",
            "p1": "修身显瘦不规则包臀裙子气质小心机设计感短袖V领连衣裙夏装潮",
            "p2": "今日热度：",
            "span1": "热销价",
            "span2": "¥69.70",
            "span3": "¥99.58",
            "box": "立即购买"
        }
    ],
    "jacket": [
        {
            "pic": "https://s3.mogucdn.com/mlcdn/c45406/190724_1d1kgd5adhiea04kjai85gk7j33f7_900x1350.jpg_360x540.v1cAC.40.webp",
            "p1": "高弹力长袖中领T恤（3-30天发货）",
            "p2": "今日热度：",
            "span1": "热销价",
            "span2": "¥39.90",
            "span3": "¥39.90",
            "box": "立即购买"
        },
        {
            "pic": "https://s11.mogucdn.com/mlcdn/c45406/190710_4i09l4j04f46fda1ghf4c3148k9ca_640x960.jpg_360x540.v1cAC.40.webp",
            "p1": "49元两件新款网红牛油果绿短袖T恤女夏装学生韩版百搭水果体恤",
            "p2": "今日热度：",
            "span1": "热销价",
            "span2": "¥29.40",
            "span3": "¥42.00",
            "box": "立即购买"
        },
        {
            "pic": "https://s11.mogucdn.com/mlcdn/c45406/190703_6lc1k7b4i8af3g5b8khb4a8051cl2_640x960.jpg_360x540.v1cAC.40.webp",
            "p1": "牛油果绿V领短袖女T恤上衣夏季新款ins宽松体恤打底衫半袖潮",
            "p2": "今日热度：",
            "span1": "热销价",
            "span2": "¥39.90",
            "span3": "¥57.00",
            "box": "立即购买"
        },
        {
            "pic": "https://s3.mogucdn.com/mlcdn/55cf19/190509_7ffc6cgk1h677ked09gd4l88d03k1_640x960.jpg_360x540.v1cAC.40.webp",
            "p1": "2件50新款韩版宽松t恤女短袖韩范学生刺绣哆啦A梦ins上衣",
            "p2": "今日热度：",
            "span1": "热销价",
            "span2": "¥28.00",
            "span3": "¥83.80",
            "box": "立即购买"
        },
        {
            "pic": "https://s3.mogucdn.com/mlcdn/c45406/190724_1d1kgd5adhiea04kjai85gk7j33f7_900x1350.jpg_360x540.v1cAC.40.webp",
            "p1": "高弹力长袖中领T恤（3-30天发货）",
            "p2": "今日热度：",
            "span1": "热销价",
            "span2": "¥39.90",
            "span3": "¥39.90",
            "box": "立即购买"
        },
        {
            "pic": "https://s11.mogucdn.com/mlcdn/c45406/190710_4i09l4j04f46fda1ghf4c3148k9ca_640x960.jpg_360x540.v1cAC.40.webp",
            "p1": "49元两件新款网红牛油果绿短袖T恤女夏装学生韩版百搭水果体恤",
            "p2": "今日热度：",
            "span1": "热销价",
            "span2": "¥29.40",
            "span3": "¥42.00",
            "box": "立即购买"
        },
        {
            "pic": "https://s11.mogucdn.com/mlcdn/c45406/190703_6lc1k7b4i8af3g5b8khb4a8051cl2_640x960.jpg_360x540.v1cAC.40.webp",
            "p1": "牛油果绿V领短袖女T恤上衣夏季新款ins宽松体恤打底衫半袖潮",
            "p2": "今日热度：",
            "span1": "热销价",
            "span2": "¥39.90",
            "span3": "¥57.00",
            "box": "立即购买"
        },
        {
            "pic": "https://s3.mogucdn.com/mlcdn/55cf19/190509_7ffc6cgk1h677ked09gd4l88d03k1_640x960.jpg_360x540.v1cAC.40.webp",
            "p1": "2件50新款韩版宽松t恤女短袖韩范学生刺绣哆啦A梦ins上衣",
            "p2": "今日热度：",
            "span1": "热销价",
            "span2": "¥28.00",
            "span3": "¥83.80",
            "box": "立即购买"
        }
    ],
    "Bottling": [
        {
            "pic": "https://s3.mogucdn.com/mlcdn/c45406/190625_053b26e4clk60f4897h056i9hjelk_750x1000.jpg_360x540.v1cAC.40.webp",
            "p1": "高弹力长袖中领T恤（3-30天发货）",
            "p2": "今日热度：",
            "span1": "热销价",
            "span2": "¥39.90",
            "span3": "¥39.90",
            "box": "立即购买"
        },
        {
            "pic": "https://s11.mogucdn.com/mlcdn/c45406/180526_13b7bldgih7431k12j6dfb4ldh1a9_640x960.jpg_360x540.v1cAC.40.webp",
            "p1": "49元两件新款网红牛油果绿短袖T恤女夏装学生韩版百搭水果体恤",
            "p2": "今日热度：",
            "span1": "热销价",
            "span2": "¥29.40",
            "span3": "¥42.00",
            "box": "立即购买"
        },
        {
            "pic": "https://s3.mogucdn.com/mlcdn/c45406/190427_6gc7934825l5iclhilaj3b00i19jl_800x1200.jpg_360x540.v1cAC.40.webp",
            "p1": "牛油果绿V领短袖女T恤上衣夏季新款ins宽松体恤打底衫半袖潮",
            "p2": "今日热度：",
            "span1": "热销价",
            "span2": "¥39.90",
            "span3": "¥57.00",
            "box": "立即购买"
        },
        {
            "pic": "https://s11.mogucdn.com/mlcdn/c45406/190429_3hbigal7ibkf6bc0ebjfi1989li6c_640x960.jpg_360x540.v1cAC.40.webp",
            "p1": "2件50新款韩版宽松t恤女短袖韩范学生刺绣哆啦A梦ins上衣",
            "p2": "今日热度：",
            "span1": "热销价",
            "span2": "¥28.00",
            "span3": "¥83.80",
            "box": "立即购买"
        },
        {
            "pic": "https://s3.mogucdn.com/mlcdn/c45406/190625_053b26e4clk60f4897h056i9hjelk_750x1000.jpg_360x540.v1cAC.40.webp",
            "p1": "高弹力长袖中领T恤（3-30天发货）",
            "p2": "今日热度：",
            "span1": "热销价",
            "span2": "¥39.90",
            "span3": "¥39.90",
            "box": "立即购买"
        },
        {
            "pic": "https://s11.mogucdn.com/mlcdn/c45406/180526_13b7bldgih7431k12j6dfb4ldh1a9_640x960.jpg_360x540.v1cAC.40.webp",
            "p1": "49元两件新款网红牛油果绿短袖T恤女夏装学生韩版百搭水果体恤",
            "p2": "今日热度：",
            "span1": "热销价",
            "span2": "¥29.40",
            "span3": "¥42.00",
            "box": "立即购买"
        },
        {
            "pic": "https://s3.mogucdn.com/mlcdn/c45406/190427_6gc7934825l5iclhilaj3b00i19jl_800x1200.jpg_360x540.v1cAC.40.webp",
            "p1": "牛油果绿V领短袖女T恤上衣夏季新款ins宽松体恤打底衫半袖潮",
            "p2": "今日热度：",
            "span1": "热销价",
            "span2": "¥39.90",
            "span3": "¥57.00",
            "box": "立即购买"
        },
        {
            "pic": "https://s11.mogucdn.com/mlcdn/c45406/190429_3hbigal7ibkf6bc0ebjfi1989li6c_640x960.jpg_360x540.v1cAC.40.webp",
            "p1": "2件50新款韩版宽松t恤女短袖韩范学生刺绣哆啦A梦ins上衣",
            "p2": "今日热度：",
            "span1": "热销价",
            "span2": "¥28.00",
            "span3": "¥83.80",
            "box": "立即购买"
        }
    ],
    "Suit": [
        {
            "pic": "https://s11.mogucdn.com/mlcdn/c45406/190621_7cl6ifl8766i0fk0c096c2f0c86jd_640x860.jpg_360x540.v1cAC.40.webp",
            "p1": "高弹力长袖中领T恤（3-30天发货）",
            "p2": "今日热度：",
            "span1": "热销价",
            "span2": "¥39.90",
            "span3": "¥39.90",
            "box": "立即购买"
        },
        {
            "pic": "https://s11.mogucdn.com/mlcdn/c45406/190608_118ic58f9764k60ak62dci9a7l93h_640x960.jpg_360x540.v1cAC.40.webp",
            "p1": "49元两件新款网红牛油果绿短袖T恤女夏装学生韩版百搭水果体恤",
            "p2": "今日热度：",
            "span1": "热销价",
            "span2": "¥29.40",
            "span3": "¥42.00",
            "box": "立即购买"
        },
        {
            "pic": "https://s11.mogucdn.com/mlcdn/c45406/190705_7l6hga53i78ea9ed7g5be1k9igjf0_640x840.jpg_360x540.v1cAC.40.webp",
            "p1": "牛油果绿V领短袖女T恤上衣夏季新款ins宽松体恤打底衫半袖潮",
            "p2": "今日热度：",
            "span1": "热销价",
            "span2": "¥39.90",
            "span3": "¥57.00",
            "box": "立即购买"
        },
        {
            "pic": "https://s3.mogucdn.com/mlcdn/c45406/190618_67f9fh9h0hegbfji2ljgd19e2lj1b_640x960.jpg_360x540.v1cAC.40.webp",
            "p1": "2件50新款韩版宽松t恤女短袖韩范学生刺绣哆啦A梦ins上衣",
            "p2": "今日热度：",
            "span1": "热销价",
            "span2": "¥28.00",
            "span3": "¥83.80",
            "box": "立即购买"
        },
        {
            "pic": "https://s11.mogucdn.com/mlcdn/c45406/190621_7cl6ifl8766i0fk0c096c2f0c86jd_640x860.jpg_360x540.v1cAC.40.webp",
            "p1": "高弹力长袖中领T恤（3-30天发货）",
            "p2": "今日热度：",
            "span1": "热销价",
            "span2": "¥39.90",
            "span3": "¥39.90",
            "box": "立即购买"
        },
        {
            "pic": "https://s11.mogucdn.com/mlcdn/c45406/190608_118ic58f9764k60ak62dci9a7l93h_640x960.jpg_360x540.v1cAC.40.webp",
            "p1": "49元两件新款网红牛油果绿短袖T恤女夏装学生韩版百搭水果体恤",
            "p2": "今日热度：",
            "span1": "热销价",
            "span2": "¥29.40",
            "span3": "¥42.00",
            "box": "立即购买"
        },
        {
            "pic": "https://s11.mogucdn.com/mlcdn/c45406/190705_7l6hga53i78ea9ed7g5be1k9igjf0_640x840.jpg_360x540.v1cAC.40.webp",
            "p1": "牛油果绿V领短袖女T恤上衣夏季新款ins宽松体恤打底衫半袖潮",
            "p2": "今日热度：",
            "span1": "热销价",
            "span2": "¥39.90",
            "span3": "¥57.00",
            "box": "立即购买"
        },
        {
            "pic": "https://s3.mogucdn.com/mlcdn/c45406/190618_67f9fh9h0hegbfji2ljgd19e2lj1b_640x960.jpg_360x540.v1cAC.40.webp",
            "p1": "2件50新款韩版宽松t恤女短袖韩范学生刺绣哆啦A梦ins上衣",
            "p2": "今日热度：",
            "span1": "热销价",
            "span2": "¥28.00",
            "span3": "¥83.80",
            "box": "立即购买"
        }
    ],
    "Life": [
        {
            "pic": "https://s11.mogucdn.com/mlcdn/c45406/190407_5ii42lc6iahjd75fcefbgifh342ka_640x960.jpg_360x540.v1cAC.40.webp",
            "p1": "高弹力长袖中领T恤（3-30天发货）",
            "p2": "今日热度：",
            "span1": "热销价",
            "span2": "¥39.90",
            "span3": "¥39.90",
            "box": "立即购买"
        },
        {
            "pic": "https://s11.mogucdn.com/mlcdn/c45406/190407_5ii42lc6iahjd75fcefbgifh342ka_640x960.jpg_360x540.v1cAC.40.webp",
            "p1": "49元两件新款网红牛油果绿短袖T恤女夏装学生韩版百搭水果体恤",
            "p2": "今日热度：",
            "span1": "热销价",
            "span2": "¥29.40",
            "span3": "¥42.00",
            "box": "立即购买"
        },
        {
            "pic": "https://s3.mogucdn.com/mlcdn/c45406/180105_6khbb5a4egf3610cj82jda85ai4ij_640x960.jpg_360x540.v1cAC.40.webp",
            "p1": "牛油果绿V领短袖女T恤上衣夏季新款ins宽松体恤打底衫半袖潮",
            "p2": "今日热度：",
            "span1": "热销价",
            "span2": "¥39.90",
            "span3": "¥57.00",
            "box": "立即购买"
        },
        {
            "pic": "https://s11.mogucdn.com/mlcdn/c45406/180830_0ggfhcfd757g3jg8k8fjaclc3h123_640x960.jpg_360x540.v1cAC.40.webp",
            "p1": "2件50新款韩版宽松t恤女短袖韩范学生刺绣哆啦A梦ins上衣",
            "p2": "今日热度：",
            "span1": "热销价",
            "span2": "¥28.00",
            "span3": "¥83.80",
            "box": "立即购买"
        },
        {
            "pic": "https://s11.mogucdn.com/mlcdn/c45406/190407_5ii42lc6iahjd75fcefbgifh342ka_640x960.jpg_360x540.v1cAC.40.webp",
            "p1": "高弹力长袖中领T恤（3-30天发货）",
            "p2": "今日热度：",
            "span1": "热销价",
            "span2": "¥39.90",
            "span3": "¥39.90",
            "box": "立即购买"
        },
        {
            "pic": "https://s11.mogucdn.com/mlcdn/c45406/190407_5ii42lc6iahjd75fcefbgifh342ka_640x960.jpg_360x540.v1cAC.40.webp",
            "p1": "49元两件新款网红牛油果绿短袖T恤女夏装学生韩版百搭水果体恤",
            "p2": "今日热度：",
            "span1": "热销价",
            "span2": "¥29.40",
            "span3": "¥42.00",
            "box": "立即购买"
        },
        {
            "pic": "https://s3.mogucdn.com/mlcdn/c45406/180105_6khbb5a4egf3610cj82jda85ai4ij_640x960.jpg_360x540.v1cAC.40.webp",
            "p1": "牛油果绿V领短袖女T恤上衣夏季新款ins宽松体恤打底衫半袖潮",
            "p2": "今日热度：",
            "span1": "热销价",
            "span2": "¥39.90",
            "span3": "¥57.00",
            "box": "立即购买"
        },
        {
            "pic": "https://s11.mogucdn.com/mlcdn/c45406/180830_0ggfhcfd757g3jg8k8fjaclc3h123_640x960.jpg_360x540.v1cAC.40.webp",
            "p1": "2件50新款韩版宽松t恤女短袖韩范学生刺绣哆啦A梦ins上衣",
            "p2": "今日热度：",
            "span1": "热销价",
            "span2": "¥28.00",
            "span3": "¥83.80",
            "box": "立即购买"
        }
    ],
    "Matching": [
        {
            "pic": "https://s11.mogucdn.com/mlcdn/c45406/190107_12ah989edlacllcd0h6dfcgk4iid6_800x1200.jpg_360x540.v1cAC.40.webp",
            "p1": "高弹力长袖中领T恤（3-30天发货）",
            "p2": "今日热度：",
            "span1": "热销价",
            "span2": "¥39.90",
            "span3": "¥39.90",
            "box": "立即购买"
        },
        {
            "pic": "https://s11.mogucdn.com/mlcdn/c45406/190322_2e17993ka6kf348gedb9d1b8k576e_640x960.jpg_360x540.v1cAC.40.webp",
            "p1": "49元两件新款网红牛油果绿短袖T恤女夏装学生韩版百搭水果体恤",
            "p2": "今日热度：",
            "span1": "热销价",
            "span2": "¥29.40",
            "span3": "¥42.00",
            "box": "立即购买"
        },
        {
            "pic": "https://s3.mogucdn.com/mlcdn/c45406/190602_6eji5393009j18ib9ah33gbggjc2k_640x960.jpg_360x540.v1cAC.40.webp",
            "p1": "牛油果绿V领短袖女T恤上衣夏季新款ins宽松体恤打底衫半袖潮",
            "p2": "今日热度：",
            "span1": "热销价",
            "span2": "¥39.90",
            "span3": "¥57.00",
            "box": "立即购买"
        },
        {
            "pic": "https://s3.mogucdn.com/mlcdn/c45406/190511_06cf1ak44li21d4ad404i6eecc69h_640x960.jpg_360x540.v1cAC.40.webp",
            "p1": "2件50新款韩版宽松t恤女短袖韩范学生刺绣哆啦A梦ins上衣",
            "p2": "今日热度：",
            "span1": "热销价",
            "span2": "¥28.00",
            "span3": "¥83.80",
            "box": "立即购买"
        },
        {
            "pic": "https://s11.mogucdn.com/mlcdn/c45406/190107_12ah989edlacllcd0h6dfcgk4iid6_800x1200.jpg_360x540.v1cAC.40.webp",
            "p1": "高弹力长袖中领T恤（3-30天发货）",
            "p2": "今日热度：",
            "span1": "热销价",
            "span2": "¥39.90",
            "span3": "¥39.90",
            "box": "立即购买"
        },
        {
            "pic": "https://s11.mogucdn.com/mlcdn/c45406/190322_2e17993ka6kf348gedb9d1b8k576e_640x960.jpg_360x540.v1cAC.40.webp",
            "p1": "49元两件新款网红牛油果绿短袖T恤女夏装学生韩版百搭水果体恤",
            "p2": "今日热度：",
            "span1": "热销价",
            "span2": "¥29.40",
            "span3": "¥42.00",
            "box": "立即购买"
        },
        {
            "pic": "https://s3.mogucdn.com/mlcdn/c45406/190602_6eji5393009j18ib9ah33gbggjc2k_640x960.jpg_360x540.v1cAC.40.webp",
            "p1": "牛油果绿V领短袖女T恤上衣夏季新款ins宽松体恤打底衫半袖潮",
            "p2": "今日热度：",
            "span1": "热销价",
            "span2": "¥39.90",
            "span3": "¥57.00",
            "box": "立即购买"
        },
        {
            "pic": "https://s3.mogucdn.com/mlcdn/c45406/190511_06cf1ak44li21d4ad404i6eecc69h_640x960.jpg_360x540.v1cAC.40.webp",
            "p1": "2件50新款韩版宽松t恤女短袖韩范学生刺绣哆啦A梦ins上衣",
            "p2": "今日热度：",
            "span1": "热销价",
            "span2": "¥28.00",
            "span3": "¥83.80",
            "box": "立即购买"
        }
    ],
    "Beauty": [
        {
            "pic": "https://s3.mogucdn.com/mlcdn/c45406/190308_3dck98d79fb67hh32bc93d802jlki_640x960.jpg_360x540.v1cAC.40.webp",
            "p1": "高弹力长袖中领T恤（3-30天发货）",
            "p2": "今日热度：",
            "span1": "热销价",
            "span2": "¥39.90",
            "span3": "¥39.90",
            "box": "立即购买"
        },
        {
            "pic": "https://s3.mogucdn.com/mlcdn/c45406/180915_7d3c814hkf7e7b2hi0a97588b1clf_640x960.jpg_360x540.v1cAC.40.webp",
            "p1": "49元两件新款网红牛油果绿短袖T恤女夏装学生韩版百搭水果体恤",
            "p2": "今日热度：",
            "span1": "热销价",
            "span2": "¥29.40",
            "span3": "¥42.00",
            "box": "立即购买"
        },
        {
            "pic": "https://s11.mogucdn.com/mlcdn/c45406/190624_3gkic9he8a602hl8j8g7l43k46ch4_2722x2722.jpg_360x540.v1cAC.40.webp",
            "p1": "牛油果绿V领短袖女T恤上衣夏季新款ins宽松体恤打底衫半袖潮",
            "p2": "今日热度：",
            "span1": "热销价",
            "span2": "¥39.90",
            "span3": "¥57.00",
            "box": "立即购买"
        },
        {
            "pic": "https://s3.mogucdn.com/mlcdn/c45406/190322_6iljb9jbd9842bccgi21ak6bc7ih6_1080x1620.jpg_360x540.v1cAC.40.webp",
            "p1": "2件50新款韩版宽松t恤女短袖韩范学生刺绣哆啦A梦ins上衣",
            "p2": "今日热度：",
            "span1": "热销价",
            "span2": "¥28.00",
            "span3": "¥83.80",
            "box": "立即购买"
        },
        {
            "pic": "https://s3.mogucdn.com/mlcdn/c45406/190308_3dck98d79fb67hh32bc93d802jlki_640x960.jpg_360x540.v1cAC.40.webp",
            "p1": "高弹力长袖中领T恤（3-30天发货）",
            "p2": "今日热度：",
            "span1": "热销价",
            "span2": "¥39.90",
            "span3": "¥39.90",
            "box": "立即购买"
        },
        {
            "pic": "https://s3.mogucdn.com/mlcdn/c45406/180915_7d3c814hkf7e7b2hi0a97588b1clf_640x960.jpg_360x540.v1cAC.40.webp",
            "p1": "49元两件新款网红牛油果绿短袖T恤女夏装学生韩版百搭水果体恤",
            "p2": "今日热度：",
            "span1": "热销价",
            "span2": "¥29.40",
            "span3": "¥42.00",
            "box": "立即购买"
        },
        {
            "pic": "https://s11.mogucdn.com/mlcdn/c45406/190624_3gkic9he8a602hl8j8g7l43k46ch4_2722x2722.jpg_360x540.v1cAC.40.webp",
            "p1": "牛油果绿V领短袖女T恤上衣夏季新款ins宽松体恤打底衫半袖潮",
            "p2": "今日热度：",
            "span1": "热销价",
            "span2": "¥39.90",
            "span3": "¥57.00",
            "box": "立即购买"
        },
        {
            "pic": "https://s3.mogucdn.com/mlcdn/c45406/190322_6iljb9jbd9842bccgi21ak6bc7ih6_1080x1620.jpg_360x540.v1cAC.40.webp",
            "p1": "2件50新款韩版宽松t恤女短袖韩范学生刺绣哆啦A梦ins上衣",
            "p2": "今日热度：",
            "span1": "热销价",
            "span2": "¥28.00",
            "span3": "¥83.80",
            "box": "立即购买"
        }
    ]
}