{
    "title1": "https://s10.mogucdn.com/mlcdn/c45406/190710_4i892jh085kfdj89634jl0e4eb8ij_750x410.png",
    "title2": "https://s10.mogucdn.com/mlcdn/c45406/190710_8af53ag072kid8di0719h89j2f3da_750x465.png",
    "title3": "https://s10.mogucdn.com/mlcdn/c45406/190710_3gbc1l2cggf88c15ekaiagd2gf9d6_750x170.png",
    "title4": "https://s10.mogucdn.com/mlcdn/c45406/190711_7kh89h89dck77aal948e5gdbf733c_750x92.png_999x999.v1c0.81.webp",
    "suit": [
        {
            "img": "https://s11.mogucdn.com/mlcdn/c45406/190621_03bl9fbb40bjl7fgba4j94d6gfbjb_640x960.jpg_300x400.v1cAC.40.webp",
            "p": "休闲运动套装女夏季19新款潮牌时尚洋气显瘦韩版港味长裤两件套",
            "span1": "69.00 ",
            "span2": "70.00"
        },
        {
            "img": "https://s17.mogucdn.com/mlcdn/c45406/190615_4fb1974a0k75c5hgc2jla006d9i7e_640x960.jpg_300x400.v1cAC.40.webp",
            "p": "夏季新款韩版宽松薄款防晒罩衫T恤百搭休闲阔腿裤时尚套装两件套",
            "span1": "39.00 ",
            "span2": "55.72"
        },
        {
            "img": "https://s18.mogucdn.com/mlcdn/c45406/190508_83b6598balg1g0kg0hj2keh950j4j_640x960.jpg_300x400.v1cAC.40.webp",
            "p": "夏季新款小个子休闲条纹短袖T恤显瘦破洞牛仔裤时尚套装两件套女",
            "span1": "49.00 ",
            "span2": "70.00"
        },
        {
            "img": "https://s2.mogucdn.com/mlcdn/c45406/190622_6380081kj83jbl3g2fcd9h1ia5gil_640x960.jpg_300x400.v1cAC.40.webp",
            "p": "时尚套装夏季新款宽松灯笼袖雪纺衫防晒衣+薄款高腰直筒裤两件套",
            "span1": "59.00 ",
            "span2": "84.29"
        },
        {
            "img": "https://s11.mogucdn.com/mlcdn/c45406/190621_03bl9fbb40bjl7fgba4j94d6gfbjb_640x960.jpg_300x400.v1cAC.40.webp",
            "p": "休闲运动套装女夏季19新款潮牌时尚洋气显瘦韩版港味长裤两件套",
            "span1": "69.00 ",
            "span2": "70.00"
        },
        {
            "img": "https://s17.mogucdn.com/mlcdn/c45406/190615_4fb1974a0k75c5hgc2jla006d9i7e_640x960.jpg_300x400.v1cAC.40.webp",
            "p": "夏季新款韩版宽松薄款防晒罩衫T恤百搭休闲阔腿裤时尚套装两件套",
            "span1": "39.00 ",
            "span2": "55.72"
        },
        {
            "img": "https://s18.mogucdn.com/mlcdn/c45406/190508_83b6598balg1g0kg0hj2keh950j4j_640x960.jpg_300x400.v1cAC.40.webp",
            "p": "夏季新款小个子休闲条纹短袖T恤显瘦破洞牛仔裤时尚套装两件套女",
            "span1": "49.00 ",
            "span2": "70.00"
        },
        {
            "img": "https://s2.mogucdn.com/mlcdn/c45406/190622_6380081kj83jbl3g2fcd9h1ia5gil_640x960.jpg_300x400.v1cAC.40.webp",
            "p": "时尚套装夏季新款宽松灯笼袖雪纺衫防晒衣+薄款高腰直筒裤两件套",
            "span1": "59.00 ",
            "span2": "84.29"
        },
        {
            "img": "https://s11.mogucdn.com/mlcdn/c45406/190621_03bl9fbb40bjl7fgba4j94d6gfbjb_640x960.jpg_300x400.v1cAC.40.webp",
            "p": "休闲运动套装女夏季19新款潮牌时尚洋气显瘦韩版港味长裤两件套",
            "span1": "69.00 ",
            "span2": "70.00"
        },
        {
            "img": "https://s17.mogucdn.com/mlcdn/c45406/190615_4fb1974a0k75c5hgc2jla006d9i7e_640x960.jpg_300x400.v1cAC.40.webp",
            "p": "夏季新款韩版宽松薄款防晒罩衫T恤百搭休闲阔腿裤时尚套装两件套",
            "span1": "39.00 ",
            "span2": "55.72"
        },
        {
            "img": "https://s18.mogucdn.com/mlcdn/c45406/190508_83b6598balg1g0kg0hj2keh950j4j_640x960.jpg_300x400.v1cAC.40.webp",
            "p": "夏季新款小个子休闲条纹短袖T恤显瘦破洞牛仔裤时尚套装两件套女",
            "span1": "49.00 ",
            "span2": "70.00"
        },
        {
            "img": "https://s2.mogucdn.com/mlcdn/c45406/190622_6380081kj83jbl3g2fcd9h1ia5gil_640x960.jpg_300x400.v1cAC.40.webp",
            "p": "时尚套装夏季新款宽松灯笼袖雪纺衫防晒衣+薄款高腰直筒裤两件套",
            "span1": "59.00 ",
            "span2": "84.29"
        }
    ],
    "skirt": [
        {
            "img": "https://s11.mogucdn.com/mlcdn/c45406/180618_49f5j8d3cegd1250cfkf9ll7996d8_640x960.jpg_300x400.v1cAC.40.webp",
            "p": "系带蝴蝶结少女心红色格子连衣裙女夏季新款韩版V领修身显瘦A字裙子仙",
            "span1": "69.50 ",
            "span2": "99.29"
        },
        {
            "img": "https://s17.mogucdn.com/mlcdn/c45406/190426_622499djj9b6c9ald2g754799gj19_640x960.jpg_300x400.v1cAC.40.webp",
            "p": "夏季新款韩版POLO领A字裙小性感绑带露腰显瘦高腰短袖连衣裙",
            "span1": "79.00 ",
            "span2": "112.86"
        },
        {
            "img": "https://s2.mogucdn.com/mlcdn/c45406/190421_7f7hi76831c4f6e6ke4i6f8jdl5dk_640x960.jpg_300x400.v1cAC.40.webp",
            "p": "夏季新款小个子衬衫裙收腰显瘦A字裙气质长裙红色雪纺连衣裙子女",
            "span1": "99.00 ",
            "span2": "141.43"
        },
        {
            "img": "https://s2.mogucdn.com/mlcdn/55cf19/190525_0kd1ha26lk7g7a7e2f57j41hh1j9b_640x960.jpg_300x400.v1cAC.40.webp",
            "p": "连衣裙女夏2019新款夏季流行裙子显瘦宽松a字裙夏装T恤裙女",
            "span1": "56.00 ",
            "span2": "148.00"
        },
        {
            "img": "https://s11.mogucdn.com/mlcdn/c45406/180618_49f5j8d3cegd1250cfkf9ll7996d8_640x960.jpg_300x400.v1cAC.40.webp",
            "p": "系带蝴蝶结少女心红色格子连衣裙女夏季新款韩版V领修身显瘦A字裙子仙",
            "span1": "69.50 ",
            "span2": "99.29"
        },
        {
            "img": "https://s17.mogucdn.com/mlcdn/c45406/190426_622499djj9b6c9ald2g754799gj19_640x960.jpg_300x400.v1cAC.40.webp",
            "p": "夏季新款韩版POLO领A字裙小性感绑带露腰显瘦高腰短袖连衣裙",
            "span1": "79.00 ",
            "span2": "112.86"
        },
        {
            "img": "https://s2.mogucdn.com/mlcdn/c45406/190421_7f7hi76831c4f6e6ke4i6f8jdl5dk_640x960.jpg_300x400.v1cAC.40.webp",
            "p": "夏季新款小个子衬衫裙收腰显瘦A字裙气质长裙红色雪纺连衣裙子女",
            "span1": "99.00 ",
            "span2": "141.43"
        },
        {
            "img": "https://s2.mogucdn.com/mlcdn/55cf19/190525_0kd1ha26lk7g7a7e2f57j41hh1j9b_640x960.jpg_300x400.v1cAC.40.webp",
            "p": "连衣裙女夏2019新款夏季流行裙子显瘦宽松a字裙夏装T恤裙女",
            "span1": "56.00 ",
            "span2": "148.00"
        },
        {
            "img": "https://s11.mogucdn.com/mlcdn/c45406/180618_49f5j8d3cegd1250cfkf9ll7996d8_640x960.jpg_300x400.v1cAC.40.webp",
            "p": "系带蝴蝶结少女心红色格子连衣裙女夏季新款韩版V领修身显瘦A字裙子仙",
            "span1": "69.50 ",
            "span2": "99.29"
        },
        {
            "img": "https://s17.mogucdn.com/mlcdn/c45406/190426_622499djj9b6c9ald2g754799gj19_640x960.jpg_300x400.v1cAC.40.webp",
            "p": "夏季新款韩版POLO领A字裙小性感绑带露腰显瘦高腰短袖连衣裙",
            "span1": "79.00 ",
            "span2": "112.86"
        },
        {
            "img": "https://s2.mogucdn.com/mlcdn/c45406/190421_7f7hi76831c4f6e6ke4i6f8jdl5dk_640x960.jpg_300x400.v1cAC.40.webp",
            "p": "夏季新款小个子衬衫裙收腰显瘦A字裙气质长裙红色雪纺连衣裙子女",
            "span1": "99.00 ",
            "span2": "141.43"
        },
        {
            "img": "https://s2.mogucdn.com/mlcdn/55cf19/190525_0kd1ha26lk7g7a7e2f57j41hh1j9b_640x960.jpg_300x400.v1cAC.40.webp",
            "p": "连衣裙女夏2019新款夏季流行裙子显瘦宽松a字裙夏装T恤裙女",
            "span1": "56.00 ",
            "span2": "148.00"
        }
    ],
    "T": [
        {
            "img": "https://s2.mogucdn.com/mlcdn/c45406/190703_6lc1k7b4i8af3g5b8khb4a8051cl2_640x960.jpg_300x400.v1cAC.40.webp",
            "p": "牛油果绿V领短袖女T恤上衣夏季新款ins宽松体恤打底衫半袖潮",
            "span1": "39.90 ",
            "span2": "57.00"
        },
        {
            "img": "https://s2.mogucdn.com/mlcdn/55cf19/190328_765c2df53g656iglg2hdj4kh02did_640x960.jpg_300x400.v1cAC.40.webp",
            "p": "夏季韩版宽松百搭学生字母短袖T恤ins网红款半袖慵懒风上衣潮",
            "span1": "19.90 ",
            "span2": "28.43"
        },
        {
            "img": "https://s2.mogucdn.com/mlcdn/c45406/190426_5gi4k63f64klg5l3li74l4lh20bb3_640x960.jpg_300x400.v1cAC.40.webp",
            "p": "夏季新款韩版纯白色短袖t恤女毛边v领竹节棉宽松显瘦半袖体恤女",
            "span1": "39.90 ",
            "span2": "57.00"
        },
        {
            "img": "https://s2.mogucdn.com/mlcdn/c45406/190403_6i8k7b7g6k503k6b91g6d46f3g1k1_640x960.jpg_300x400.v1cAC.40.webp",
            "p": "圆领短袖t恤女新款韩版前后背印花宽松休闲学生半袖春夏季上衣潮",
            "span1": "24.90 ",
            "span2": "35.58"
        },
        {
            "img": "https://s2.mogucdn.com/mlcdn/c45406/190703_6lc1k7b4i8af3g5b8khb4a8051cl2_640x960.jpg_300x400.v1cAC.40.webp",
            "p": "牛油果绿V领短袖女T恤上衣夏季新款ins宽松体恤打底衫半袖潮",
            "span1": "39.90 ",
            "span2": "57.00"
        },
        {
            "img": "https://s2.mogucdn.com/mlcdn/55cf19/190328_765c2df53g656iglg2hdj4kh02did_640x960.jpg_300x400.v1cAC.40.webp",
            "p": "夏季韩版宽松百搭学生字母短袖T恤ins网红款半袖慵懒风上衣潮",
            "span1": "19.90 ",
            "span2": "28.43"
        },
        {
            "img": "https://s2.mogucdn.com/mlcdn/c45406/190426_5gi4k63f64klg5l3li74l4lh20bb3_640x960.jpg_300x400.v1cAC.40.webp",
            "p": "夏季新款韩版纯白色短袖t恤女毛边v领竹节棉宽松显瘦半袖体恤女",
            "span1": "39.90 ",
            "span2": "57.00"
        },
        {
            "img": "https://s2.mogucdn.com/mlcdn/c45406/190403_6i8k7b7g6k503k6b91g6d46f3g1k1_640x960.jpg_300x400.v1cAC.40.webp",
            "p": "圆领短袖t恤女新款韩版前后背印花宽松休闲学生半袖春夏季上衣潮",
            "span1": "24.90 ",
            "span2": "35.58"
        },
        {
            "img": "https://s2.mogucdn.com/mlcdn/c45406/190703_6lc1k7b4i8af3g5b8khb4a8051cl2_640x960.jpg_300x400.v1cAC.40.webp",
            "p": "牛油果绿V领短袖女T恤上衣夏季新款ins宽松体恤打底衫半袖潮",
            "span1": "39.90 ",
            "span2": "57.00"
        },
        {
            "img": "https://s2.mogucdn.com/mlcdn/55cf19/190328_765c2df53g656iglg2hdj4kh02did_640x960.jpg_300x400.v1cAC.40.webp",
            "p": "夏季韩版宽松百搭学生字母短袖T恤ins网红款半袖慵懒风上衣潮",
            "span1": "19.90 ",
            "span2": "28.43"
        },
        {
            "img": "https://s2.mogucdn.com/mlcdn/c45406/190426_5gi4k63f64klg5l3li74l4lh20bb3_640x960.jpg_300x400.v1cAC.40.webp",
            "p": "夏季新款韩版纯白色短袖t恤女毛边v领竹节棉宽松显瘦半袖体恤女",
            "span1": "39.90 ",
            "span2": "57.00"
        },
        {
            "img": "https://s2.mogucdn.com/mlcdn/c45406/190403_6i8k7b7g6k503k6b91g6d46f3g1k1_640x960.jpg_300x400.v1cAC.40.webp",
            "p": "圆领短袖t恤女新款韩版前后背印花宽松休闲学生半袖春夏季上衣潮",
            "span1": "24.90 ",
            "span2": "35.58"
        }
    ],
    "trousers": [
        {
            "img": "https://s2.mogucdn.com/mlcdn/c45406/190517_483lk783je11hkj84cik1l895g0b8_640x960.jpg_300x400.v1cAC.40.webp",
            "p": "韩版高腰休闲裤女百搭九分裤显瘦哈伦裤修身小脚裤新款裤子西装裤",
            "span1": "59.00 ",
            "span2": "85.00"
        },
        {
            "img": "https://s2.mogucdn.com/mlcdn/c45406/190326_1f57d394hie52d9hcbl7g58ja2k75_640x960.jpg_300x400.v1cAC.40.webp",
            "p": "垂感阔腿裤女春夏新款坠感拖地长裤宽松西装裤学生高腰显瘦休闲裤",
            "span1": "59.00 ",
            "span2": "84.29"
        },
        {
            "img": "https://s2.mogucdn.com/mlcdn/c45406/190625_053b26e4clk60f4897h056i9hjelk_750x1000.jpg_300x400.v1cAC.40.webp",
            "p": "阔腿裤女夏季宽松泫雅风垂感高腰显瘦百褶坠感直筒休闲拖地长裤",
            "span1": "49.00 ",
            "span2": "70.00"
        },
        {
            "img": "https://s2.mogucdn.com/mlcdn/c45406/190512_80f57f4ai2je3e70bgfi3g610624i_640x960.jpg_300x400.v1cAC.40.webp",
            "p": "夏季新款棉麻休闲裤女束脚九分裤显瘦小脚裤百搭哈伦裤裤子女薄款",
            "span1": "59.50 ",
            "span2": "85.00"
        },
        {
            "img": "https://s2.mogucdn.com/mlcdn/c45406/190517_483lk783je11hkj84cik1l895g0b8_640x960.jpg_300x400.v1cAC.40.webp",
            "p": "韩版高腰休闲裤女百搭九分裤显瘦哈伦裤修身小脚裤新款裤子西装裤",
            "span1": "59.00 ",
            "span2": "85.00"
        },
        {
            "img": "https://s2.mogucdn.com/mlcdn/c45406/190326_1f57d394hie52d9hcbl7g58ja2k75_640x960.jpg_300x400.v1cAC.40.webp",
            "p": "垂感阔腿裤女春夏新款坠感拖地长裤宽松西装裤学生高腰显瘦休闲裤",
            "span1": "59.00 ",
            "span2": "84.29"
        },
        {
            "img": "https://s2.mogucdn.com/mlcdn/c45406/190625_053b26e4clk60f4897h056i9hjelk_750x1000.jpg_300x400.v1cAC.40.webp",
            "p": "阔腿裤女夏季宽松泫雅风垂感高腰显瘦百褶坠感直筒休闲拖地长裤",
            "span1": "49.00 ",
            "span2": "70.00"
        },
        {
            "img": "https://s2.mogucdn.com/mlcdn/c45406/190512_80f57f4ai2je3e70bgfi3g610624i_640x960.jpg_300x400.v1cAC.40.webp",
            "p": "夏季新款棉麻休闲裤女束脚九分裤显瘦小脚裤百搭哈伦裤裤子女薄款",
            "span1": "59.50 ",
            "span2": "85.00"
        },
        {
            "img": "https://s2.mogucdn.com/mlcdn/c45406/190517_483lk783je11hkj84cik1l895g0b8_640x960.jpg_300x400.v1cAC.40.webp",
            "p": "韩版高腰休闲裤女百搭九分裤显瘦哈伦裤修身小脚裤新款裤子西装裤",
            "span1": "59.00 ",
            "span2": "85.00"
        },
        {
            "img": "https://s2.mogucdn.com/mlcdn/c45406/190326_1f57d394hie52d9hcbl7g58ja2k75_640x960.jpg_300x400.v1cAC.40.webp",
            "p": "垂感阔腿裤女春夏新款坠感拖地长裤宽松西装裤学生高腰显瘦休闲裤",
            "span1": "59.00 ",
            "span2": "84.29"
        },
        {
            "img": "https://s2.mogucdn.com/mlcdn/c45406/190625_053b26e4clk60f4897h056i9hjelk_750x1000.jpg_300x400.v1cAC.40.webp",
            "p": "阔腿裤女夏季宽松泫雅风垂感高腰显瘦百褶坠感直筒休闲拖地长裤",
            "span1": "49.00 ",
            "span2": "70.00"
        },
        {
            "img": "https://s2.mogucdn.com/mlcdn/c45406/190512_80f57f4ai2je3e70bgfi3g610624i_640x960.jpg_300x400.v1cAC.40.webp",
            "p": "夏季新款棉麻休闲裤女束脚九分裤显瘦小脚裤百搭哈伦裤裤子女薄款",
            "span1": "59.50 ",
            "span2": "85.00"
        }
    ]
}